Date,Department,Efficiency,Employee,Job_Role,Performance,Satisfaction,Work_Hours,Workload
2024-02-10 00:00:00,Finance,75,Christopher Morrow,Analyst,92,3.3,33,Low
2024-05-31 00:00:00,Finance,75,William Hartman,Manager,92,3.8,36,High
2024-06-19 00:00:00,Finance,75,Christina Vaughan,Manager,90,3.5,40,Medium
2024-01-27 00:00:00,Finance,76,Christopher Ellis,Analyst,79,4.8,34,Medium
2024-02-21 00:00:00,Finance,76,James Williams,Analyst,93,3.8,49,Medium
2024-03-29 00:00:00,Finance,76,Katie Jackson,Analyst,79,4.9,32,Medium
2024-04-22 00:00:00,Finance,76,Theresa Johnson,Analyst,82,4,43,Low
2024-05-19 00:00:00,Finance,76,Mark Williams,Analyst,95,3.6,37,Medium
2024-06-09 00:00:00,Finance,76,Terri Fernandez,Analyst,79,4.9,39,Low
2024-07-13 00:00:00,Finance,76,Brenda Murray,Manager,91,3.6,46,Low
2024-08-28 00:00:00,Finance,76,Brian Smith,Manager,92,4.6,34,Low
2024-09-17 00:00:00,Finance,76,Gilbert Mendoza,Analyst,84,3.7,33,Low
2024-10-18 00:00:00,Finance,76,Mary Dominguez,Manager,79,4.8,45,Low
2024-01-10 00:00:00,Finance,77,Travis Arnold,Analyst,94,4.9,50,Low
2024-03-28 00:00:00,Finance,77,Diane Johnson,Manager,97,3.7,50,High
2024-04-13 00:00:00,Finance,77,Barbara Herrera,Analyst,84,4,36,Medium
2024-08-03 00:00:00,Finance,77,Lauren Brown,Analyst,85,3.9,44,Medium
2024-01-06 00:00:00,Finance,78,Katherine Simon,Manager,70,3.4,36,High
2024-01-16 00:00:00,Finance,78,Donna Maldonado DDS,Analyst,86,4.8,44,Low
2024-02-28 00:00:00,Finance,78,Terry Barnes,Manager,70,4,48,High
2024-03-01 00:00:00,Finance,78,Katelyn Gonzales,Analyst,77,4.3,35,Medium
2024-03-27 00:00:00,Finance,78,Katie Martin,Manager,86,4.5,31,High
2024-04-06 00:00:00,Finance,78,Erik Shepherd,Analyst,71,4.7,48,High
2024-04-24 00:00:00,Finance,78,Kimberly Welch,Analyst,74,3.4,36,High
2024-05-11 00:00:00,Finance,78,Crystal Campbell,Analyst,83,5,31,Low
2024-05-21 00:00:00,Finance,78,Thomas Davis,Analyst,93,3.1,32,High
2024-05-26 00:00:00,Finance,78,Scott Hall,Manager,94,4.3,33,Low
2024-06-30 00:00:00,Finance,78,Michelle Gallegos,Analyst,87,4.5,37,High
2024-08-07 00:00:00,Finance,78,Seth Nelson,Manager,72,3.3,38,High
2024-08-09 00:00:00,Finance,78,Allen Thomas,Analyst,79,4.6,45,Medium
2024-08-22 00:00:00,Finance,78,Stephanie Buchanan,Analyst,81,4.7,43,High
2024-09-11 00:00:00,Finance,78,Jill Mcpherson,Manager,96,3.3,31,Low
2024-10-20 00:00:00,Finance,78,Amy Todd,Manager,74,4.7,36,Medium
2024-02-08 00:00:00,Finance,79,David Jones,Manager,78,4.7,32,Medium
2024-02-09 00:00:00,Finance,79,Andrew Ball,Manager,71,4.9,33,Medium
2024-03-22 00:00:00,Finance,79,Rebecca Evans,Analyst,78,4,43,Low
2024-03-25 00:00:00,Finance,79,Jessica Jones,Analyst,93,4.6,41,Medium
2024-04-02 00:00:00,Finance,79,Brittany Goodwin,Manager,70,3.9,31,High
2024-07-19 00:00:00,Finance,79,Jennifer Gray,Analyst,78,3.1,47,Low
2024-08-12 00:00:00,Finance,79,Robert Schmitt,Manager,80,3.2,34,High
2024-01-06 00:00:00,Finance,80,John Sanders,Analyst,75,3.7,34,High
2024-02-05 00:00:00,Finance,80,Dr. Brian Price,Manager,84,4.2,30,High
2024-03-30 00:00:00,Finance,80,Daniel Mccoy,Analyst,81,4.2,39,Medium
2024-07-23 00:00:00,Finance,80,Kevin Torres,Analyst,100,4.5,33,High
2024-08-02 00:00:00,Finance,80,Matthew Roberts,Manager,93,3,34,High
2024-09-21 00:00:00,Finance,80,Patricia Moody,Analyst,74,3.1,31,Medium
2024-09-21 00:00:00,Finance,80,Ronald Edwards,Analyst,85,3.6,47,Low
2024-01-08 00:00:00,Finance,81,Jordan Brown,Analyst,89,3.5,50,High
2024-02-17 00:00:00,Finance,81,Cassandra Schroeder,Analyst,72,3.5,46,Medium
2024-03-16 00:00:00,Finance,81,Rodney Black,Analyst,76,4.1,37,Low
2024-04-04 00:00:00,Finance,81,Frank Gillespie,Manager,80,4.9,35,Medium
2024-04-10 00:00:00,Finance,81,Jennifer Glover,Manager,74,4.6,35,Medium
2024-04-17 00:00:00,Finance,81,Brenda Mcfarland,Analyst,88,5,48,Low
2024-08-13 00:00:00,Finance,81,Sharon Singleton,Manager,86,3.6,39,Low
2024-09-11 00:00:00,Finance,81,Kelly Giles,Manager,92,3.4,46,Low
2024-01-25 00:00:00,Finance,82,Kathryn Brewer,Analyst,73,3.6,50,Low
2024-03-08 00:00:00,Finance,82,Melissa Graves,Analyst,88,3.6,35,High
2024-04-06 00:00:00,Finance,82,Paul Cruz,Analyst,87,3.6,38,Medium
2024-04-17 00:00:00,Finance,82,Priscilla Harris,Analyst,98,4.1,31,Low
2024-05-02 00:00:00,Finance,82,Amber Bradley,Analyst,98,4.7,31,Medium
2024-06-20 00:00:00,Finance,82,Joshua Vargas,Manager,78,3.9,50,High
2024-09-12 00:00:00,Finance,82,Emma Chen,Manager,77,3.5,48,Medium
2024-01-23 00:00:00,Finance,83,Shari Burnett,Analyst,98,3.9,32,Medium
2024-02-06 00:00:00,Finance,83,Stephanie Steele,Analyst,81,4.7,44,Low
2024-02-08 00:00:00,Finance,83,Brent Morales,Manager,77,3.1,44,Low
2024-02-20 00:00:00,Finance,83,Daniel Miller,Analyst,70,4.1,42,High
2024-03-20 00:00:00,Finance,83,Kelly Reese,Analyst,75,4.2,33,Medium
2024-06-07 00:00:00,Finance,83,Nicole Campbell,Manager,93,4,50,Low
2024-07-28 00:00:00,Finance,83,Ryan Williams,Manager,83,3.2,31,Low
2024-09-15 00:00:00,Finance,83,Jonathon Hernandez,Manager,76,3.5,30,Low
2024-09-20 00:00:00,Finance,83,Derek Salazar,Analyst,96,3,42,Low
2024-09-21 00:00:00,Finance,83,Brandon Ford,Manager,90,4.4,38,High
2024-01-03 00:00:00,Finance,84,Kevin Lucas,Manager,76,4.9,41,High
2024-01-14 00:00:00,Finance,84,Cynthia Barron,Analyst,97,4.8,30,Medium
2024-01-26 00:00:00,Finance,84,Ashley Bates,Analyst,73,3.4,37,High
2024-02-22 00:00:00,Finance,84,Brandi Acosta,Manager,84,4.6,40,Low
2024-03-16 00:00:00,Finance,84,Christopher Woods,Analyst,78,4.1,36,Medium
2024-09-06 00:00:00,Finance,84,Tonya Gonzalez,Analyst,99,4.3,47,Low
2024-02-19 00:00:00,Finance,85,Thomas Mcdonald,Analyst,80,4.8,38,Low
2024-07-30 00:00:00,Finance,85,Kayla Lee,Analyst,83,3.1,41,Low
2024-08-07 00:00:00,Finance,85,Kristen Brown,Analyst,85,3.7,45,High
2024-08-19 00:00:00,Finance,85,Juan Clark,Analyst,74,3.2,36,Low
2024-01-12 00:00:00,Finance,86,Luke Blankenship,Manager,80,4.3,30,Medium
2024-05-18 00:00:00,Finance,86,Bruce Booth,Manager,84,4.8,50,Medium
2024-07-07 00:00:00,Finance,86,Robin Melendez,Manager,78,4.2,40,Medium
2024-07-10 00:00:00,Finance,86,Mary Barrera,Manager,71,3.8,42,High
2024-08-28 00:00:00,Finance,86,John Lloyd,Analyst,94,3.3,34,High
2024-10-17 00:00:00,Finance,86,Tammy Barr,Manager,84,3.5,42,Medium
2024-01-26 00:00:00,Finance,87,Rebecca Moreno,Manager,96,4.3,42,Medium
2024-02-02 00:00:00,Finance,87,Denise Anderson,Analyst,76,4.9,47,Low
2024-03-27 00:00:00,Finance,87,Sara Wood,Manager,90,4,38,High
2024-07-04 00:00:00,Finance,87,Jeffrey Reyes,Analyst,83,4.9,42,High
2024-09-05 00:00:00,Finance,87,Brittany Smith,Manager,83,4.1,42,High
2024-09-10 00:00:00,Finance,87,Mary Reynolds,Manager,96,4.1,46,Medium
2024-04-18 00:00:00,Finance,88,James Anderson,Manager,96,4.5,44,Medium
2024-06-29 00:00:00,Finance,88,Christopher Pena,Manager,74,3.5,41,Medium
2024-07-01 00:00:00,Finance,88,Bryan Norton,Manager,87,4.6,36,Medium
2024-08-10 00:00:00,Finance,88,Andrew Burns,Manager,93,3.2,40,Low
2024-09-18 00:00:00,Finance,88,John Herrera,Analyst,76,3.8,45,Medium
2024-09-23 00:00:00,Finance,88,Roger Walters,Manager,94,4.3,41,High
2024-01-19 00:00:00,Finance,89,Nicole Phillips,Manager,94,3.1,50,Medium
2024-03-02 00:00:00,Finance,89,Katelyn Kelly,Manager,100,3.8,44,High
2024-03-04 00:00:00,Finance,89,Arthur Perez,Manager,91,3.4,44,Medium
2024-04-16 00:00:00,Finance,89,Stephen Thomas,Manager,100,3.2,33,Low
2024-06-17 00:00:00,Finance,89,Nicholas Rodriguez,Manager,97,3.6,38,Medium
2024-06-20 00:00:00,Finance,89,Jonathan Espinoza,Manager,74,4.2,46,High
2024-06-22 00:00:00,Finance,89,Robert Davis,Analyst,100,3.7,32,High
2024-07-15 00:00:00,Finance,89,Nathaniel White,Analyst,89,5,36,Medium
2024-08-09 00:00:00,Finance,89,Grant Bonilla,Manager,98,3.1,45,High
2024-08-27 00:00:00,Finance,89,Tara Carter,Manager,75,4.1,38,High
2024-09-03 00:00:00,Finance,89,Matthew Lawrence,Manager,94,4.7,38,Medium
2024-09-25 00:00:00,Finance,89,Linda Sheppard,Analyst,86,3.7,45,Medium
2024-04-09 00:00:00,Finance,90,Ashley Richards,Analyst,73,3.9,43,Medium
2024-05-26 00:00:00,Finance,90,Daniel Blake,Analyst,86,3.9,35,Medium
2024-06-30 00:00:00,Finance,90,Maurice Huber,Manager,96,4.8,35,High
2024-09-04 00:00:00,Finance,90,Scott Jacobson,Analyst,89,4.2,50,Medium
2024-02-18 00:00:00,Finance,91,Tiffany Hall,Analyst,72,3.6,41,Medium
2024-03-25 00:00:00,Finance,91,Russell Flores,Manager,82,4.4,50,High
2024-05-06 00:00:00,Finance,91,Joseph Marshall,Analyst,72,4.6,35,Low
2024-07-31 00:00:00,Finance,91,Gary Walters,Analyst,94,3.5,34,Low
2024-09-15 00:00:00,Finance,91,Carolyn Tucker,Analyst,91,3.1,33,Low
2024-10-17 00:00:00,Finance,91,Christina Tran,Manager,87,4,46,High
2024-01-04 00:00:00,Finance,92,David Shelton,Analyst,94,4.6,43,High
2024-01-16 00:00:00,Finance,92,Michael Hill,Analyst,79,4.8,47,Low
2024-01-28 00:00:00,Finance,92,Angela Hamilton,Analyst,100,4.5,34,High
2024-02-10 00:00:00,Finance,92,Matthew Perez,Analyst,74,3.2,47,Low
2024-05-22 00:00:00,Finance,92,Jacob Dalton,Analyst,98,5,41,Medium
2024-07-27 00:00:00,Finance,92,Joshua Diaz,Analyst,100,4.4,47,Low
2024-08-14 00:00:00,Finance,92,Samantha Day,Manager,80,4.5,46,Low
2024-09-05 00:00:00,Finance,92,Nicole Mcintyre,Manager,70,4.4,45,Medium
2024-09-15 00:00:00,Finance,92,Catherine Clark,Analyst,73,4.9,44,Medium
2024-09-18 00:00:00,Finance,92,Meghan Barrera,Analyst,76,3.8,48,High
2024-10-12 00:00:00,Finance,92,Christopher Mcfarland,Analyst,85,4.8,31,High
2024-01-25 00:00:00,Finance,93,Brett Williamson,Analyst,98,4.5,47,Low
2024-02-22 00:00:00,Finance,93,Alyssa Hanna MD,Manager,71,3.8,47,High
2024-03-03 00:00:00,Finance,93,Joseph Dodson,Manager,93,4.1,39,Medium
2024-03-09 00:00:00,Finance,93,James Wells,Manager,86,3.4,33,High
2024-03-30 00:00:00,Finance,93,Christopher Vasquez,Manager,78,4.9,39,High
2024-03-31 00:00:00,Finance,93,Monica Stone,Analyst,85,4,31,High
2024-05-03 00:00:00,Finance,93,Briana Jones,Analyst,88,3.3,41,Low
2024-05-23 00:00:00,Finance,93,Shawn Glenn,Analyst,93,4.1,31,High
2024-06-18 00:00:00,Finance,93,Philip Mejia,Manager,71,4.2,42,High
2024-06-25 00:00:00,Finance,93,Timothy Cook,Analyst,71,3.3,38,High
2024-07-14 00:00:00,Finance,93,Rodney Murray,Manager,73,4,32,High
2024-09-12 00:00:00,Finance,93,Amy Santana,Manager,91,4.1,33,Medium
2024-09-29 00:00:00,Finance,93,Willie Chang,Manager,81,3.2,32,High
2024-04-27 00:00:00,Finance,94,John Townsend,Manager,99,4.4,43,Low
2024-05-05 00:00:00,Finance,94,Nicholas Rose,Manager,71,4.7,49,Low
2024-07-06 00:00:00,Finance,94,Lucas Rivera,Manager,81,3.5,30,Medium
2024-08-28 00:00:00,Finance,94,Michael Grant,Manager,74,4.6,35,Low
2024-09-28 00:00:00,Finance,94,Caroline Murray,Manager,92,4.9,34,Medium
2024-03-10 00:00:00,Finance,95,Brandy Phillips,Analyst,82,3.7,42,High
2024-03-17 00:00:00,Finance,95,Carla Higgins,Analyst,80,3.1,50,Low
2024-06-14 00:00:00,Finance,95,Hannah Henderson,Manager,89,4.8,37,Low
2024-06-14 00:00:00,Finance,95,Nancy Fitzpatrick,Analyst,96,3.5,46,High
2024-07-15 00:00:00,Finance,95,Michael Salazar,Manager,87,4,44,Low
2024-08-06 00:00:00,Finance,95,Michael Griffith,Manager,93,3.1,35,High
2024-08-30 00:00:00,Finance,95,Micheal Chapman,Manager,98,4.9,35,High
2024-10-02 00:00:00,Finance,95,Rachel Johnson,Analyst,97,4,43,Low
2024-01-05 00:00:00,Finance,96,Amanda Cunningham,Manager,73,4,39,Medium
2024-02-26 00:00:00,Finance,96,Alison Garcia,Analyst,73,3.7,37,High
2024-04-08 00:00:00,Finance,96,Teresa Nelson,Analyst,98,4.8,39,High
2024-05-17 00:00:00,Finance,96,Lindsey Orozco,Manager,92,4,47,Low
2024-07-16 00:00:00,Finance,96,Amber Jones,Manager,70,4.8,38,Medium
2024-07-25 00:00:00,Finance,96,Matthew Hayes,Manager,90,3.6,34,Medium
2024-08-12 00:00:00,Finance,96,Dorothy Sims,Manager,99,3.9,34,Low
2024-10-09 00:00:00,Finance,96,Mark Ramos,Analyst,73,3.9,31,Low
2024-10-18 00:00:00,Finance,96,Tanya King DVM,Analyst,70,4.3,30,Low
2024-04-09 00:00:00,Finance,97,Rachel Colon,Manager,91,3.2,45,Low
2024-05-01 00:00:00,Finance,97,Sara Miller,Manager,99,4.3,35,Medium
2024-06-07 00:00:00,Finance,97,Thomas Chandler,Manager,83,3.3,49,Medium
2024-07-07 00:00:00,Finance,97,Michael Aguilar,Analyst,74,4,43,Low
2024-07-21 00:00:00,Finance,97,Patrick Edwards,Manager,84,4.5,34,Low
2024-01-02 00:00:00,Finance,98,Nicole Martinez,Manager,98,4,49,High
2024-01-17 00:00:00,Finance,98,Dylan Hunt,Manager,88,4.2,49,High
2024-02-18 00:00:00,Finance,98,Jack Thompson,Manager,70,3.1,33,Medium
2024-02-20 00:00:00,Finance,98,Marc Meyers,Analyst,78,3.4,30,Medium
2024-03-12 00:00:00,Finance,98,Anna Hester,Analyst,88,3.7,44,Low
2024-03-28 00:00:00,Finance,98,Matthew White,Analyst,79,3.9,37,Low
2024-06-04 00:00:00,Finance,98,Melissa Russell,Manager,97,4.8,31,High
2024-07-02 00:00:00,Finance,98,Brian Williams,Manager,88,4.2,42,Low
2024-09-08 00:00:00,Finance,98,Louis Lopez,Analyst,87,3.3,33,Medium
2024-09-17 00:00:00,Finance,98,Michael Duarte,Manager,71,4.7,43,Medium
2024-10-14 00:00:00,Finance,98,Jeffrey Krueger,Manager,91,5,37,Low
2024-01-05 00:00:00,Finance,99,Melinda Ellison,Manager,99,4,35,Medium
2024-01-21 00:00:00,Finance,99,James Pearson,Analyst,80,4.8,30,Medium
2024-05-20 00:00:00,Finance,99,Calvin Villanueva,Analyst,79,4.3,48,Low
2024-07-17 00:00:00,Finance,99,Dana Becker,Analyst,75,3.2,40,High
2024-08-16 00:00:00,Finance,99,Penny Robinson,Manager,97,3.2,34,High
2024-03-08 00:00:00,Finance,100,Mr. Jeffrey Cardenas DDS,Manager,81,3.9,33,Medium
2024-03-11 00:00:00,Finance,100,Anthony Brown,Manager,79,4.1,50,Medium
2024-03-19 00:00:00,Finance,100,Mark Rodriguez,Analyst,72,3.7,41,High
2024-03-28 00:00:00,Finance,100,Randy Thompson,Analyst,89,4,31,High
2024-04-02 00:00:00,Finance,100,Bethany Johnson,Manager,85,4.8,45,Low
2024-05-22 00:00:00,Finance,100,Jacob Wilson,Manager,85,3.7,47,High
2024-05-26 00:00:00,Finance,100,Denise Maynard,Analyst,82,3,35,Low
2024-07-20 00:00:00,Finance,100,Traci Zimmerman,Manager,74,3.5,40,High
2024-09-21 00:00:00,Finance,100,Megan Evans,Analyst,89,4.4,37,High
2024-04-26 00:00:00,HR,75,Jacob Shepard,Manager,76,4,34,Medium
2024-06-03 00:00:00,HR,75,Chelsea Smith,Recruiter,79,4.1,31,Low
2024-06-06 00:00:00,HR,75,Tracy Williams,Recruiter,86,4.6,30,Low
2024-10-07 00:00:00,HR,75,Scott Bright,Manager,79,3.8,50,Low
2024-03-09 00:00:00,HR,76,Jeffrey Warner,Manager,91,3.7,30,Medium
2024-03-28 00:00:00,HR,76,Benjamin Watts,Recruiter,71,3.1,46,High
2024-04-29 00:00:00,HR,76,Christy Cooper,Recruiter,70,3.9,50,Low
2024-06-19 00:00:00,HR,76,Michael Wall,Recruiter,86,3.4,38,High
2024-07-27 00:00:00,HR,76,Carmen Robinson,Recruiter,96,3.8,35,Medium
2024-08-21 00:00:00,HR,76,Savannah Schmitt,Recruiter,77,4.5,41,Low
2024-08-22 00:00:00,HR,76,Michael Jackson,Recruiter,70,3.4,49,Low
2024-09-28 00:00:00,HR,76,Dr. John Bell,Manager,95,5,38,High
2024-10-16 00:00:00,HR,76,Lynn Reeves,Recruiter,79,4,31,High
2024-10-20 00:00:00,HR,76,Christopher Brown,Recruiter,80,3.7,43,High
2024-02-06 00:00:00,HR,77,Kimberly Allen,Manager,92,4.6,41,Low
2024-02-09 00:00:00,HR,77,Lindsey May,Manager,83,4.3,49,High
2024-02-13 00:00:00,HR,77,Katherine Sellers,Manager,95,4.7,44,Medium
2024-02-14 00:00:00,HR,77,Melissa Robbins,Recruiter,100,4.3,43,Medium
2024-04-18 00:00:00,HR,77,Daniel Maldonado,Manager,80,4.2,47,High
2024-04-26 00:00:00,HR,77,Patrick Bailey,Manager,87,3.6,32,High
2024-08-16 00:00:00,HR,77,Mason Golden,Manager,97,3.4,46,High
2024-08-22 00:00:00,HR,77,Desiree Rosales,Recruiter,89,3.2,42,High
2024-09-17 00:00:00,HR,77,Cheryl Nelson,Manager,92,4.3,30,Low
2024-10-07 00:00:00,HR,77,Louis Robertson,Manager,75,3,47,Medium
2024-10-16 00:00:00,HR,77,Debra Wilson,Recruiter,84,5,42,Medium
2024-01-10 00:00:00,HR,78,Preston Richardson,Manager,94,4.3,43,Low
2024-03-20 00:00:00,HR,78,Derek Trevino,Manager,75,3.9,34,Medium
2024-05-25 00:00:00,HR,78,Deborah Myers,Manager,89,3.1,32,High
2024-06-15 00:00:00,HR,78,Kelly Phillips,Manager,85,3.4,36,Low
2024-07-29 00:00:00,HR,78,Nicholas Garcia,Recruiter,72,3.7,40,Medium
2024-07-29 00:00:00,HR,78,Rebecca Mccarty,Manager,84,4.2,43,Low
2024-09-03 00:00:00,HR,78,Robin Castillo,Manager,92,3.9,32,Medium
2024-09-05 00:00:00,HR,78,April Cooper,Recruiter,80,3.7,48,Medium
2024-10-11 00:00:00,HR,78,Michael Martin,Recruiter,98,3.8,45,Low
2024-01-03 00:00:00,HR,79,Matthew Silva,Recruiter,73,3.8,39,High
2024-02-24 00:00:00,HR,79,Roberto White,Recruiter,72,3.5,31,High
2024-03-24 00:00:00,HR,79,James Conner,Manager,78,3.4,33,High
2024-05-05 00:00:00,HR,79,Tiffany Moran,Manager,98,4.1,38,Medium
2024-06-06 00:00:00,HR,79,Theresa Snyder,Manager,72,3.6,34,Low
2024-06-25 00:00:00,HR,79,Jennifer Jordan,Recruiter,72,3.9,50,Medium
2024-08-10 00:00:00,HR,79,James Allen,Recruiter,89,3.6,47,Medium
2024-08-21 00:00:00,HR,79,Lisa Smith,Recruiter,93,5,46,Low
2024-09-09 00:00:00,HR,79,Tammy Cummings,Manager,74,4.1,38,Low
2024-09-27 00:00:00,HR,79,Brandi Stanley,Manager,80,4.5,45,Low
2024-01-15 00:00:00,HR,80,Manuel Patrick,Recruiter,91,3.1,44,Low
2024-01-19 00:00:00,HR,80,Eduardo Mercer,Manager,95,3.6,31,High
2024-02-07 00:00:00,HR,80,Marissa Kim,Manager,80,4.1,47,Medium
2024-03-29 00:00:00,HR,80,Emily Kent,Recruiter,88,4.9,35,High
2024-07-14 00:00:00,HR,80,Sarah Gallagher,Recruiter,75,4.3,50,Medium
2024-08-01 00:00:00,HR,80,Nicholas Thomas,Recruiter,84,4.7,39,High
2024-08-22 00:00:00,HR,80,Michelle Porter,Manager,83,4.3,47,Medium
2024-10-05 00:00:00,HR,80,Leslie Owens,Recruiter,78,4.1,47,High
2024-10-12 00:00:00,HR,80,Edward Brown,Manager,100,5,44,Low
2024-01-14 00:00:00,HR,81,Brian Rodriguez,Manager,92,3.6,50,Low
2024-02-14 00:00:00,HR,81,Aaron Duncan,Manager,70,4.2,34,Medium
2024-03-04 00:00:00,HR,81,Erin Gonzalez,Recruiter,75,3.8,32,Low
2024-07-26 00:00:00,HR,81,Dawn Kim,Recruiter,91,3.5,41,High
2024-08-26 00:00:00,HR,81,William Patel,Recruiter,86,4.3,36,High
2024-09-30 00:00:00,HR,81,Christine Greene,Manager,92,4.3,47,High
2024-10-03 00:00:00,HR,81,Bridget Murphy,Recruiter,87,3.8,34,Medium
2024-01-26 00:00:00,HR,82,Michael Hernandez,Recruiter,93,5,44,Low
2024-02-08 00:00:00,HR,82,Shelby Underwood,Manager,87,3.6,42,Medium
2024-03-21 00:00:00,HR,82,Julia Fleming,Recruiter,73,5,46,Low
2024-03-31 00:00:00,HR,82,Brenda Nelson,Manager,95,3.4,40,High
2024-08-30 00:00:00,HR,82,Connor Cannon,Recruiter,75,4,32,High
2024-10-15 00:00:00,HR,82,Michael Boone,Recruiter,75,3.1,48,High
2024-01-30 00:00:00,HR,83,Danny Smith,Manager,76,3.2,49,High
2024-03-07 00:00:00,HR,83,Casey Wang,Manager,85,4.7,36,Low
2024-03-13 00:00:00,HR,83,Maureen May,Manager,70,3.7,48,High
2024-06-18 00:00:00,HR,83,Taylor Gates,Recruiter,80,4.4,32,High
2024-07-23 00:00:00,HR,83,Nicole Parker,Recruiter,74,3.4,40,Medium
2024-08-03 00:00:00,HR,83,Andrew Jackson,Recruiter,85,3.3,39,Low
2024-08-19 00:00:00,HR,83,George Manning,Recruiter,85,4.9,37,Medium
2024-09-08 00:00:00,HR,83,Damon Cardenas,Manager,80,4.8,49,Low
2024-09-24 00:00:00,HR,83,James Allen,Recruiter,76,3.7,37,Low
2024-09-27 00:00:00,HR,83,Anthony Hall,Manager,84,4.8,38,Low
2024-02-13 00:00:00,HR,84,Maria Torres,Recruiter,75,4.1,32,High
2024-04-28 00:00:00,HR,84,Haley Medina,Manager,73,4.2,35,Medium
2024-05-30 00:00:00,HR,84,Wendy Wells,Recruiter,70,3.8,32,Low
2024-06-19 00:00:00,HR,84,Edward Cooper,Manager,75,4.7,50,Medium
2024-08-02 00:00:00,HR,84,Monica Wilson,Recruiter,97,3.2,46,Low
2024-02-27 00:00:00,HR,85,Cody Perry,Recruiter,81,3,39,Low
2024-03-28 00:00:00,HR,85,Cassandra Stephens,Recruiter,94,4.8,40,Medium
2024-04-20 00:00:00,HR,85,Ann Price,Recruiter,93,3.9,31,Medium
2024-05-02 00:00:00,HR,85,Michelle Smith,Manager,73,4.5,36,High
2024-05-05 00:00:00,HR,85,Jermaine Boyd,Recruiter,99,4.6,38,High
2024-05-18 00:00:00,HR,85,Stacey Pennington,Manager,76,4.9,33,Medium
2024-06-16 00:00:00,HR,85,Bradley Hunt,Recruiter,75,3.8,49,High
2024-06-22 00:00:00,HR,85,Edward Clark,Recruiter,92,4.6,30,Medium
2024-06-22 00:00:00,HR,85,Jennifer Weeks,Manager,89,3.1,34,High
2024-09-05 00:00:00,HR,85,Katie Hampton,Manager,97,4,35,Low
2024-09-11 00:00:00,HR,85,Sarah Bridges,Manager,99,4.3,40,Medium
2024-10-15 00:00:00,HR,85,Madison Mendoza,Recruiter,73,3,39,High
2024-01-28 00:00:00,HR,86,Latasha Noble,Recruiter,73,3.2,40,Medium
2024-02-03 00:00:00,HR,86,Kevin Lee,Manager,76,3.8,47,High
2024-02-23 00:00:00,HR,86,Anna Vance,Manager,77,4.3,31,Low
2024-03-11 00:00:00,HR,86,Vincent Harvey,Recruiter,87,4.1,30,Medium
2024-03-16 00:00:00,HR,86,Joan Blackburn,Manager,72,4.9,46,High
2024-04-08 00:00:00,HR,86,Michelle Warner,Manager,82,4.8,45,Low
2024-04-24 00:00:00,HR,86,James Ali,Manager,80,4.3,39,Medium
2024-04-28 00:00:00,HR,86,Melinda Long,Recruiter,73,3.3,43,High
2024-06-24 00:00:00,HR,86,Brandon Lutz,Recruiter,96,3.1,40,Low
2024-06-29 00:00:00,HR,86,Amanda Adams,Manager,91,4.3,42,High
2024-06-11 00:00:00,HR,87,Dalton Foster,Manager,80,3.6,36,Low
2024-07-15 00:00:00,HR,87,Alexander Miller,Recruiter,71,4.5,47,Medium
2024-08-04 00:00:00,HR,87,John Morales,Manager,96,3,38,High
2024-08-10 00:00:00,HR,87,Douglas Patterson,Manager,92,3.3,37,Low
2024-06-10 00:00:00,HR,88,Robert Daniels,Manager,100,3.7,40,High
2024-06-24 00:00:00,HR,88,Benjamin Stephens,Manager,86,3.8,50,Low
2024-07-11 00:00:00,HR,88,Laura Molina,Manager,80,4.4,33,Low
2024-09-25 00:00:00,HR,88,Kimberly Bailey,Manager,72,5,31,Medium
2024-10-10 00:00:00,HR,88,Brooke Klein,Recruiter,72,3.1,49,Low
2024-05-15 00:00:00,HR,89,Stephanie Peterson,Recruiter,80,4.2,45,Medium
2024-06-22 00:00:00,HR,89,Karen Stevens,Recruiter,84,4.5,48,Medium
2024-10-20 00:00:00,HR,89,John Morgan,Manager,82,4.4,31,High
2024-02-25 00:00:00,HR,90,Haley Holmes,Recruiter,92,3.9,31,Medium
2024-03-05 00:00:00,HR,90,Amy Booker,Recruiter,84,3.4,43,High
2024-06-05 00:00:00,HR,90,William Mercer,Manager,85,3.4,43,Medium
2024-06-06 00:00:00,HR,90,Jason Freeman,Manager,95,3,34,Medium
2024-06-24 00:00:00,HR,90,Christine Larsen,Recruiter,89,4.5,47,Low
2024-07-25 00:00:00,HR,90,Christine Pollard,Recruiter,81,3.7,47,High
2024-10-01 00:00:00,HR,90,Levi Bauer,Manager,72,4.5,46,Low
2024-02-09 00:00:00,HR,91,Emily Gordon,Manager,100,4.4,42,High
2024-06-02 00:00:00,HR,91,Bryan Leon DDS,Manager,83,4.9,42,High
2024-06-03 00:00:00,HR,91,Michael Harris,Manager,95,3.8,31,High
2024-07-21 00:00:00,HR,91,Renee Shaffer,Manager,91,4.3,39,Medium
2024-09-20 00:00:00,HR,91,Evan Martin,Recruiter,86,4.6,41,High
2024-09-27 00:00:00,HR,91,Ashley Jones,Recruiter,84,4.6,32,Medium
2024-01-31 00:00:00,HR,92,Donald Moss,Recruiter,73,3.6,46,Medium
2024-03-01 00:00:00,HR,92,Christy Kemp PhD,Manager,92,4.3,46,High
2024-03-01 00:00:00,HR,92,Tony Campbell,Recruiter,90,4.9,35,High
2024-04-15 00:00:00,HR,92,John Potts,Recruiter,93,4.2,48,High
2024-04-23 00:00:00,HR,92,Amy Hogan,Recruiter,92,4.8,50,Low
2024-06-07 00:00:00,HR,92,Jeffery Klein,Manager,79,3.4,38,Medium
2024-06-23 00:00:00,HR,92,Lisa Price,Manager,99,4.2,38,High
2024-07-09 00:00:00,HR,92,Megan Wallace,Recruiter,82,4,31,High
2024-07-14 00:00:00,HR,92,Abigail Williams,Recruiter,77,4.3,33,Medium
2024-07-30 00:00:00,HR,92,Kyle Beck,Manager,76,4,45,High
2024-09-16 00:00:00,HR,92,Savannah Williams,Recruiter,85,3.5,47,Medium
2024-02-13 00:00:00,HR,93,Nicole Hensley,Recruiter,71,4.1,44,High
2024-08-01 00:00:00,HR,93,Whitney Huff,Manager,86,3.3,30,Medium
2024-08-12 00:00:00,HR,93,Carol Rodriguez,Recruiter,95,3.7,43,High
2024-08-13 00:00:00,HR,93,Robert Mcconnell,Recruiter,98,4.8,43,Medium
2024-09-01 00:00:00,HR,93,Bethany Skinner,Recruiter,74,3.9,37,Medium
2024-10-08 00:00:00,HR,93,Joy Campbell,Recruiter,91,3.3,32,Medium
2024-01-23 00:00:00,HR,94,Justin Lin,Manager,72,3.8,43,High
2024-01-24 00:00:00,HR,94,Malik Lopez,Recruiter,74,4.1,43,Medium
2024-02-07 00:00:00,HR,94,Susan Wright,Recruiter,70,4.7,41,High
2024-02-23 00:00:00,HR,94,Alexandria Ayala,Recruiter,73,3.4,34,High
2024-03-25 00:00:00,HR,94,Ashley Flores,Manager,74,4.6,43,Low
2024-04-05 00:00:00,HR,94,Maria Bailey,Manager,91,3.9,43,Low
2024-04-13 00:00:00,HR,94,Sara Townsend,Recruiter,86,4.5,36,Low
2024-05-26 00:00:00,HR,94,Mr. Wesley Baker,Manager,81,3.3,37,Low
2024-06-04 00:00:00,HR,94,Walter Hicks,Recruiter,70,4.8,44,Low
2024-07-02 00:00:00,HR,94,Taylor Norton,Manager,92,3.6,36,Medium
2024-01-12 00:00:00,HR,95,Brittany Lam,Recruiter,100,4.4,47,Medium
2024-05-12 00:00:00,HR,95,Henry Tran,Recruiter,99,4.1,34,Low
2024-05-12 00:00:00,HR,95,Shannon Lee,Manager,79,4.5,42,Low
2024-06-11 00:00:00,HR,95,Lori Allison,Recruiter,89,4.1,43,Low
2024-06-14 00:00:00,HR,95,Cheryl Jenkins,Recruiter,75,4.6,45,Low
2024-06-15 00:00:00,HR,95,Tanya Clements,Recruiter,91,3.3,34,High
2024-07-02 00:00:00,HR,95,Brittney Johnston,Manager,71,3.6,50,Medium
2024-09-24 00:00:00,HR,95,Megan Gutierrez,Recruiter,78,4.8,31,Low
2024-03-16 00:00:00,HR,96,Tiffany Andrews,Recruiter,100,4.1,32,Medium
2024-05-04 00:00:00,HR,96,Rodney Clark,Recruiter,86,3.4,34,Medium
2024-07-26 00:00:00,HR,96,Maureen Mendez,Manager,89,4.6,39,High
2024-08-11 00:00:00,HR,96,Angela Martin,Manager,81,3.7,41,Medium
2024-09-09 00:00:00,HR,96,Amber Campos,Manager,74,3.9,34,Medium
2024-04-21 00:00:00,HR,97,Kelsey Evans,Recruiter,85,3.6,43,Medium
2024-06-06 00:00:00,HR,97,Kenneth Cantu,Manager,80,4.7,34,High
2024-06-27 00:00:00,HR,97,Carol Stewart,Manager,94,4.2,35,Low
2024-07-21 00:00:00,HR,97,Kevin Mitchell,Recruiter,80,3.2,36,Medium
2024-07-28 00:00:00,HR,97,Kristen Drake,Manager,75,4.8,40,Medium
2024-08-07 00:00:00,HR,97,Holly Morris,Recruiter,73,4.8,46,Medium
2024-08-25 00:00:00,HR,97,Amanda Kent,Recruiter,77,3.3,46,High
2024-10-15 00:00:00,HR,97,Julie Johnson,Recruiter,83,4.1,47,Low
2024-04-27 00:00:00,HR,98,Joshua Rodriguez,Manager,82,4.6,34,High
2024-04-28 00:00:00,HR,98,Heather Sandoval,Recruiter,97,3.7,40,Medium
2024-05-08 00:00:00,HR,98,Steven Stewart,Manager,85,3.6,36,High
2024-08-24 00:00:00,HR,98,Jesse King,Manager,99,4.4,32,Medium
2024-09-26 00:00:00,HR,98,Jose Miller,Recruiter,80,4.6,39,High
2024-01-23 00:00:00,HR,99,Jordan Bowers,Recruiter,88,4.9,42,Low
2024-07-21 00:00:00,HR,99,Johnny Stewart,Recruiter,96,3.6,44,High
2024-08-04 00:00:00,HR,99,Jill Mills,Manager,82,3.1,38,Medium
2024-08-07 00:00:00,HR,99,Jonathan Williams,Manager,90,4,35,High
2024-08-19 00:00:00,HR,99,Mary Buchanan,Recruiter,90,4.2,33,High
2024-09-03 00:00:00,HR,99,Sean Mcbride,Recruiter,71,4.2,42,Medium
2024-09-21 00:00:00,HR,99,Kim Howell,Recruiter,72,4,35,High
2024-10-04 00:00:00,HR,99,Tina Acosta,Recruiter,89,4.8,46,High
2024-01-12 00:00:00,HR,100,Kenneth Finley,Recruiter,92,3.2,35,Low
2024-03-08 00:00:00,HR,100,Diana Medina,Manager,94,4.6,45,Low
2024-06-24 00:00:00,HR,100,Dr. Amanda Kemp,Recruiter,91,4.9,32,Medium
2024-07-04 00:00:00,HR,100,Eric Bonilla,Manager,72,4.1,49,High
2024-10-09 00:00:00,HR,100,Carl Mitchell,Manager,77,4.1,38,Medium
2024-03-28 00:00:00,IT,75,Jason Vincent,Manager,78,3.4,32,Low
2024-05-12 00:00:00,IT,75,Robin Johns,Developer,89,3.3,36,Low
2024-06-23 00:00:00,IT,75,Tammy Morgan DDS,Developer,82,3.5,42,Medium
2024-07-12 00:00:00,IT,75,Nathan Mendoza,Developer,71,4.7,46,Low
2024-08-05 00:00:00,IT,75,Jessica Mccarthy,Manager,97,4,32,Low
2024-10-07 00:00:00,IT,75,Michael Green,Support,86,3.3,49,Medium
2024-10-20 00:00:00,IT,75,Perry Barrett,Developer,100,3.8,39,High
2024-01-08 00:00:00,IT,76,Thomas Manning,Developer,91,4.7,39,Low
2024-01-19 00:00:00,IT,76,Steven Gray,Developer,72,3.9,42,Low
2024-02-08 00:00:00,IT,76,Haley Garrett,Support,70,4.5,47,High
2024-02-18 00:00:00,IT,76,Gary Hamilton,Support,70,4.4,47,Medium
2024-03-11 00:00:00,IT,76,Steven Scott,Developer,75,4.8,44,Medium
2024-04-07 00:00:00,IT,76,Evelyn Gonzalez,Developer,79,3.8,45,Low
2024-04-27 00:00:00,IT,76,Christine Leach,Developer,78,4.7,43,Low
2024-07-21 00:00:00,IT,76,Dr. Andrew Ramirez,Manager,73,3.9,41,Low
2024-05-12 00:00:00,IT,77,Brian Ellis,Manager,94,4.1,45,Low
2024-05-23 00:00:00,IT,77,Kyle Allen,Developer,86,3.5,40,High
2024-06-03 00:00:00,IT,77,Eric Garcia,Developer,80,3,37,High
2024-01-19 00:00:00,IT,78,Brandon Bird,Manager,94,4.8,48,Medium
2024-03-19 00:00:00,IT,78,Dustin Mcguire,Developer,93,4.5,43,Low
2024-03-29 00:00:00,IT,78,Alexander Hensley,Support,72,3.7,38,Medium
2024-04-21 00:00:00,IT,78,Kyle Johnson,Manager,77,4.3,36,Medium
2024-06-20 00:00:00,IT,78,Cynthia Hughes,Manager,86,3,46,High
2024-08-15 00:00:00,IT,78,Laura Meyer,Support,91,4.6,50,High
2024-09-15 00:00:00,IT,78,Patrick Thomas,Support,96,3.1,45,Medium
2024-09-19 00:00:00,IT,78,Jamie Mccarty,Developer,81,4.7,42,High
2024-01-23 00:00:00,IT,79,Diana Crane,Developer,88,4.2,31,Low
2024-03-09 00:00:00,IT,79,Samantha Hurley,Support,72,3.3,49,High
2024-04-14 00:00:00,IT,79,Megan Stephens,Support,90,3.6,45,Medium
2024-04-29 00:00:00,IT,79,Melanie Garcia,Manager,70,3.7,30,Low
2024-05-10 00:00:00,IT,79,Andrew Miller,Developer,82,4.4,38,High
2024-05-24 00:00:00,IT,79,Jennifer Hill,Manager,71,3.7,40,Medium
2024-09-03 00:00:00,IT,79,Shawn Chandler,Support,95,4.1,37,Low
2024-02-25 00:00:00,IT,80,Lindsey Hanson,Developer,95,3.5,31,Low
2024-03-27 00:00:00,IT,80,Elizabeth Lozano,Support,78,3.2,34,High
2024-05-07 00:00:00,IT,80,Katrina Valdez,Developer,80,3.7,50,Medium
2024-06-25 00:00:00,IT,80,Kelly Khan,Manager,87,4.5,50,Low
2024-10-03 00:00:00,IT,80,Stephanie Brooks,Manager,71,3.5,50,Medium
2024-01-21 00:00:00,IT,81,Dr. Christian Johnston Jr.,Support,93,4.2,33,Medium
2024-02-13 00:00:00,IT,81,Lance Torres,Developer,96,3.1,36,Low
2024-03-05 00:00:00,IT,81,Susan Woodard,Manager,82,3.8,46,Medium
2024-03-30 00:00:00,IT,81,Kristin Moore,Manager,98,4.6,46,Medium
2024-04-24 00:00:00,IT,81,Julie Jones,Support,83,4.6,39,High
2024-04-30 00:00:00,IT,81,Alicia Edwards,Support,100,4,32,Low
2024-05-03 00:00:00,IT,81,Michael White,Support,100,3.2,38,Medium
2024-06-11 00:00:00,IT,81,Shannon Sanchez,Manager,86,4.2,39,Low
2024-07-25 00:00:00,IT,81,James Reyes,Manager,91,4.3,32,Low
2024-09-26 00:00:00,IT,81,Daniel Taylor,Manager,78,4.5,36,Low
2024-09-27 00:00:00,IT,81,Edward Adams,Developer,78,4.3,50,Low
2024-10-01 00:00:00,IT,81,Michael Gonzalez,Support,97,3.6,37,High
2024-10-16 00:00:00,IT,81,Jeff Gallagher MD,Manager,84,3.9,41,Low
2024-02-26 00:00:00,IT,82,Ryan Dalton,Developer,80,3.6,40,Medium
2024-03-05 00:00:00,IT,82,Amanda Nielsen,Developer,95,3.4,39,Low
2024-03-25 00:00:00,IT,82,Joshua Moore,Developer,75,4.6,43,High
2024-04-03 00:00:00,IT,82,Cheryl Merritt,Support,71,4.3,41,High
2024-06-21 00:00:00,IT,82,Julie Ramos,Developer,77,3.3,38,Low
2024-07-05 00:00:00,IT,82,Gregory Greene,Support,74,3.2,44,Medium
2024-08-09 00:00:00,IT,82,Lisa Smith,Manager,79,3.2,38,High
2024-08-15 00:00:00,IT,82,Xavier Harris,Support,83,4.4,30,Medium
2024-09-16 00:00:00,IT,82,Kim Long,Support,84,5,50,Medium
2024-01-06 00:00:00,IT,83,William Aguilar,Manager,90,3.4,48,High
2024-01-30 00:00:00,IT,83,Jaclyn Acosta,Manager,99,4.6,48,Low
2024-03-10 00:00:00,IT,83,Kari Ward,Support,94,4.1,50,Low
2024-08-03 00:00:00,IT,83,Francisco Bennett,Manager,72,3.7,41,High
2024-09-08 00:00:00,IT,83,Rachel Riley,Manager,72,3.8,42,Medium
2024-02-28 00:00:00,IT,84,Benjamin Fry,Developer,72,4.3,41,Low
2024-03-02 00:00:00,IT,84,Paul Fields,Manager,94,4.6,45,High
2024-03-07 00:00:00,IT,84,Megan Maldonado,Developer,77,4.6,46,High
2024-04-06 00:00:00,IT,84,Shelby Richardson,Manager,75,3.3,34,High
2024-06-29 00:00:00,IT,84,Charles Stafford,Manager,81,4.7,36,Low
2024-01-08 00:00:00,IT,85,Erin Hays,Support,91,4.8,43,Low
2024-01-09 00:00:00,IT,85,Roy Chavez,Support,99,4.6,43,Medium
2024-03-13 00:00:00,IT,85,Chelsea Lutz,Support,70,4.4,50,High
2024-07-10 00:00:00,IT,85,Jessica Camacho,Support,87,3.9,43,Low
2024-09-17 00:00:00,IT,85,Cameron Roman,Support,88,3.9,32,Medium
2024-04-09 00:00:00,IT,86,Angela Sandoval,Developer,79,3.7,34,Low
2024-04-15 00:00:00,IT,86,Brandy Douglas,Support,91,3.8,42,High
2024-06-01 00:00:00,IT,86,Brandon Bailey,Support,98,3.8,40,Low
2024-07-30 00:00:00,IT,86,Hector Fry,Manager,87,4.9,45,High
2024-08-22 00:00:00,IT,86,Tiffany Mendoza,Developer,83,3.8,43,High
2024-01-14 00:00:00,IT,87,Dylan Gordon,Manager,99,3.4,38,Medium
2024-01-25 00:00:00,IT,87,Francisco Yu II,Developer,78,3.9,33,Medium
2024-02-16 00:00:00,IT,87,Alexandra Kelley,Developer,95,3.7,46,High
2024-02-22 00:00:00,IT,87,Carolyn Phillips,Manager,99,4.6,40,Low
2024-04-09 00:00:00,IT,87,Timothy Keller,Support,73,4.1,44,Medium
2024-04-22 00:00:00,IT,87,Joseph Collins,Support,87,3.7,47,Medium
2024-05-04 00:00:00,IT,87,Teresa Short,Developer,84,3.5,31,Low
2024-05-16 00:00:00,IT,87,Cheryl Gray,Manager,73,4.9,37,High
2024-05-28 00:00:00,IT,87,Jennifer Mccoy,Manager,97,4.4,41,Low
2024-09-16 00:00:00,IT,87,Sandra Mcclain,Support,92,3.5,37,High
2024-05-30 00:00:00,IT,88,Stephanie Hardy,Manager,81,3.7,43,Medium
2024-06-07 00:00:00,IT,88,Stephen Frazier,Developer,71,4.1,42,Low
2024-07-03 00:00:00,IT,88,Thomas Kim,Developer,81,4.5,49,Medium
2024-08-28 00:00:00,IT,88,Nicholas Cross MD,Manager,77,3.6,50,Medium
2024-09-02 00:00:00,IT,88,Timothy Hernandez,Manager,95,3.7,37,Low
2024-09-18 00:00:00,IT,88,Xavier Wade,Support,91,3.7,47,High
2024-10-08 00:00:00,IT,88,Laurie Ware,Support,80,3.6,41,Low
2024-02-20 00:00:00,IT,89,Jennifer Dunlap,Developer,95,3.3,50,Medium
2024-04-25 00:00:00,IT,89,Sarah Adams,Developer,90,4.6,30,High
2024-06-24 00:00:00,IT,89,Angelica Weaver,Support,82,4.2,47,Low
2024-07-12 00:00:00,IT,89,Michael Wilson,Developer,80,3.8,30,Medium
2024-08-02 00:00:00,IT,89,Teresa Patterson,Manager,80,4.1,49,Medium
2024-08-20 00:00:00,IT,89,Kayla Cline,Manager,84,4.7,33,Low
2024-09-06 00:00:00,IT,89,Sara Cooper,Developer,82,4.8,39,Medium
2024-09-21 00:00:00,IT,89,Michael Paul,Manager,95,4.4,37,Low
2024-01-02 00:00:00,IT,90,Barbara Rogers,Manager,85,3.9,39,Low
2024-01-14 00:00:00,IT,90,Stephanie Torres,Manager,70,3.2,40,Medium
2024-02-27 00:00:00,IT,90,Christopher White,Support,95,4.1,48,Medium
2024-04-07 00:00:00,IT,90,Tina Ruiz,Support,81,4.3,37,High
2024-05-26 00:00:00,IT,90,Michelle Mullen,Manager,74,4.3,34,High
2024-06-10 00:00:00,IT,90,Jennifer Baker,Support,88,4.1,47,High
2024-06-26 00:00:00,IT,90,Michael Lyons,Developer,76,3.7,30,Medium
2024-06-28 00:00:00,IT,90,Travis Morris,Developer,74,4.6,35,High
2024-07-09 00:00:00,IT,90,Molly Williams,Support,86,4.3,48,Low
2024-08-12 00:00:00,IT,90,Stacey Young,Manager,86,3.8,35,High
2024-09-09 00:00:00,IT,90,Jordan Young,Support,87,4.6,45,High
2024-01-12 00:00:00,IT,91,Katie Howell,Support,99,3.4,32,Low
2024-01-20 00:00:00,IT,91,Austin Lopez,Manager,76,4.1,34,High
2024-04-01 00:00:00,IT,91,Robert Martin,Support,100,4.3,45,High
2024-05-10 00:00:00,IT,91,Beth Lee,Support,73,4.7,36,Medium
2024-05-13 00:00:00,IT,91,Raymond Carter,Developer,79,3.7,37,Medium
2024-06-03 00:00:00,IT,91,Ian Ford,Manager,79,3.7,32,Low
2024-07-14 00:00:00,IT,91,Timothy Rojas,Manager,95,4.1,48,High
2024-08-27 00:00:00,IT,91,Chelsea Decker,Manager,72,4,50,High
2024-01-10 00:00:00,IT,92,Dana Garcia,Support,93,4.1,44,Low
2024-04-15 00:00:00,IT,92,Christopher Barker,Manager,71,4.7,34,High
2024-04-19 00:00:00,IT,92,Amanda Smith,Support,83,3.5,49,Low
2024-06-23 00:00:00,IT,92,Joshua Ramos,Developer,70,3.4,31,Low
2024-09-11 00:00:00,IT,92,Diana Brennan,Manager,95,4.2,50,High
2024-09-27 00:00:00,IT,92,Brian Clark,Manager,78,4.2,41,Low
2024-03-25 00:00:00,IT,93,Gregory Simmons,Developer,92,4.8,34,Low
2024-07-13 00:00:00,IT,93,James Strickland,Support,88,5,39,Medium
2024-08-03 00:00:00,IT,93,Andrew Welch,Developer,73,3.8,38,Low
2024-10-14 00:00:00,IT,93,Deanna Martin,Manager,99,3.4,42,Low
2024-01-28 00:00:00,IT,94,Sean Harris,Developer,85,4.4,44,Medium
2024-03-13 00:00:00,IT,94,Tracy Prince,Developer,94,4.9,43,Low
2024-05-03 00:00:00,IT,94,Mark Lopez,Developer,88,5,44,Low
2024-07-02 00:00:00,IT,94,Paul Mclean,Developer,89,4.4,47,Medium
2024-07-28 00:00:00,IT,94,Jenny Hawkins,Developer,70,4.5,45,High
2024-08-04 00:00:00,IT,94,Leonard Lawson,Support,78,3.1,40,Low
2024-08-28 00:00:00,IT,94,Jessica Coleman,Developer,97,4.5,45,Medium
2024-09-03 00:00:00,IT,94,Kendra Myers,Support,92,3.1,37,Low
2024-09-10 00:00:00,IT,94,Shelly Strong,Support,80,4,41,High
2024-09-13 00:00:00,IT,94,Paul Perez,Developer,74,3.2,38,Medium
2024-02-21 00:00:00,IT,95,David Santiago,Manager,79,4.8,49,High
2024-04-09 00:00:00,IT,95,Jenna Rasmussen,Support,88,4.2,31,High
2024-05-19 00:00:00,IT,95,Rebecca Solomon,Manager,89,4.8,39,Medium
2024-08-28 00:00:00,IT,95,Jennifer Gonzalez,Manager,73,3.1,50,High
2024-09-04 00:00:00,IT,95,Christine Gibson,Developer,93,4.3,45,High
2024-09-05 00:00:00,IT,95,Jessica Mason,Manager,90,4.2,36,Low
2024-09-25 00:00:00,IT,95,Pamela Miller,Support,76,3.6,48,Medium
2024-01-16 00:00:00,IT,96,Glenda Nelson,Developer,91,3.7,37,High
2024-02-17 00:00:00,IT,96,Kimberly Lee,Support,86,3.1,48,Low
2024-02-17 00:00:00,IT,96,Roberto Glenn,Manager,71,3.3,50,High
2024-03-04 00:00:00,IT,96,Ashley Norman,Developer,88,4.7,31,Medium
2024-03-14 00:00:00,IT,96,Jennifer Merritt,Support,93,4.1,44,High
2024-03-25 00:00:00,IT,96,Natasha Adams,Support,93,4.3,41,High
2024-03-29 00:00:00,IT,96,Steven Johnson,Developer,83,4.9,45,Low
2024-05-17 00:00:00,IT,96,Joseph Good,Support,83,4,44,Medium
2024-08-22 00:00:00,IT,96,Michael Flores,Manager,99,4.2,50,Medium
2024-09-03 00:00:00,IT,96,Joshua Clark,Support,86,3.7,44,High
2024-01-01 00:00:00,IT,97,Mr. Jason Chandler MD,Developer,80,3.4,48,Medium
2024-03-25 00:00:00,IT,97,Michael Bailey,Support,84,3.4,38,High
2024-04-12 00:00:00,IT,97,Evelyn Delgado,Developer,87,3.3,48,Medium
2024-08-02 00:00:00,IT,97,Linda Reynolds,Manager,72,3.3,45,High
2024-04-09 00:00:00,IT,98,Lindsay Zamora,Manager,74,3.2,41,Medium
2024-04-24 00:00:00,IT,98,David Perez,Support,100,4.7,43,Low
2024-08-05 00:00:00,IT,98,Suzanne Johnston,Developer,73,4.5,36,Medium
2024-08-09 00:00:00,IT,98,Christy Lopez,Manager,95,5,42,High
2024-09-08 00:00:00,IT,98,Joshua Hinton,Manager,84,4.3,32,High
2024-09-18 00:00:00,IT,98,Carolyn Lopez,Manager,93,3.6,42,Low
2024-02-04 00:00:00,IT,99,Erica Johnson,Developer,70,3.8,31,High
2024-04-07 00:00:00,IT,99,Candace Park,Developer,73,4.2,34,Medium
2024-04-17 00:00:00,IT,99,Seth Baldwin,Manager,71,3.2,50,Medium
2024-08-09 00:00:00,IT,99,Tamara Adams,Developer,74,4.3,40,Medium
2024-09-22 00:00:00,IT,99,Christopher Moss,Support,97,3.6,39,Low
2024-09-30 00:00:00,IT,99,Eric Mcdonald,Developer,73,4.6,48,High
2024-01-07 00:00:00,IT,100,Robert Holt,Developer,83,3.5,40,Low
2024-02-08 00:00:00,IT,100,William Smith,Developer,99,3.8,40,High
2024-03-03 00:00:00,IT,100,Lawrence Hall,Developer,87,3.8,41,High
2024-04-27 00:00:00,IT,100,Allen Herrera,Support,92,4.2,36,Low
2024-07-07 00:00:00,IT,100,Glenn Fuentes,Developer,83,4.7,50,High
2024-08-04 00:00:00,IT,100,Tyler Smith,Developer,86,5,37,Medium
2024-08-08 00:00:00,IT,100,Brian Tate,Developer,92,4,48,High
2024-10-16 00:00:00,IT,100,Danielle Richards,Manager,77,4.4,49,Medium
2024-01-09 00:00:00,Operations,75,Jennifer Leblanc,Coordinator,85,3.3,41,Medium
2024-02-08 00:00:00,Operations,75,Jake Cummings,Manager,89,4.7,35,High
2024-06-09 00:00:00,Operations,75,Christy Myers,Manager,79,3.8,42,Low
2024-06-15 00:00:00,Operations,75,Kevin Rice,Manager,89,3.9,50,High
2024-07-16 00:00:00,Operations,75,Matthew Santos,Coordinator,86,4.5,45,High
2024-09-05 00:00:00,Operations,75,Robert Noble,Manager,85,4.7,40,Low
2024-09-07 00:00:00,Operations,75,Raymond Sanders,Coordinator,85,3.2,41,Medium
2024-09-29 00:00:00,Operations,75,Tammy Martinez,Manager,100,3.7,45,Medium
2024-10-14 00:00:00,Operations,75,Angel Park,Coordinator,99,3.8,34,Low
2024-01-04 00:00:00,Operations,76,Cody Ibarra,Manager,77,3.6,39,Medium
2024-01-30 00:00:00,Operations,76,Anthony Jimenez,Manager,81,3,34,Low
2024-02-06 00:00:00,Operations,76,Richard Carey,Coordinator,83,3.6,42,Medium
2024-02-17 00:00:00,Operations,76,Stephanie Morris,Coordinator,92,4.7,48,Medium
2024-02-28 00:00:00,Operations,76,Melissa Porter,Coordinator,91,4.8,37,Low
2024-03-22 00:00:00,Operations,76,Bianca Morgan,Manager,71,3.7,50,Low
2024-04-24 00:00:00,Operations,76,Thomas Gibson,Manager,88,4,31,Medium
2024-05-23 00:00:00,Operations,76,Danielle Meza,Manager,75,4.2,48,High
2024-05-24 00:00:00,Operations,76,Adrienne Green,Manager,72,4.3,38,Medium
2024-05-31 00:00:00,Operations,76,Angela Pena,Manager,96,4.7,48,Low
2024-06-01 00:00:00,Operations,76,Pamela Hill,Manager,100,4.5,49,Low
2024-06-13 00:00:00,Operations,76,Joseph Walters,Coordinator,99,4.6,44,Low
2024-07-02 00:00:00,Operations,76,William Lara,Manager,97,4.7,43,Low
2024-08-24 00:00:00,Operations,76,Angela Rogers,Coordinator,91,3.5,32,Medium
2024-04-12 00:00:00,Operations,77,John Nielsen,Coordinator,94,3.3,39,Medium
2024-04-22 00:00:00,Operations,77,Barbara Kim,Coordinator,72,3.6,49,High
2024-07-15 00:00:00,Operations,77,Michael Edwards,Manager,94,4,34,High
2024-07-15 00:00:00,Operations,77,Steven Williams,Coordinator,100,4.8,43,Medium
2024-08-08 00:00:00,Operations,77,Tamara Savage,Coordinator,77,4.3,49,Medium
2024-08-17 00:00:00,Operations,77,Nicholas Anderson,Coordinator,80,3.5,44,Low
2024-08-31 00:00:00,Operations,77,Ronald Greer,Manager,83,4.7,41,Low
2024-01-13 00:00:00,Operations,78,Jeffrey Reid,Coordinator,93,4.7,43,Low
2024-01-25 00:00:00,Operations,78,Michelle Johnson,Manager,84,4.4,44,High
2024-04-08 00:00:00,Operations,78,Carol Everett,Coordinator,82,4.3,34,High
2024-06-29 00:00:00,Operations,78,Brandon Jordan,Coordinator,85,3.3,39,Medium
2024-09-21 00:00:00,Operations,78,Erica Duffy,Coordinator,95,3.2,39,Low
2024-09-24 00:00:00,Operations,78,Anthony Marquez,Manager,91,3.1,50,Medium
2024-10-14 00:00:00,Operations,78,William Bridges,Manager,95,5,44,Medium
2024-02-26 00:00:00,Operations,79,Candice Burnett,Coordinator,75,4.5,35,Low
2024-04-05 00:00:00,Operations,79,Matthew Rivera,Manager,93,4.3,32,Low
2024-04-15 00:00:00,Operations,79,Stacie Padilla,Manager,80,4.8,37,High
2024-05-02 00:00:00,Operations,79,Renee Harris,Coordinator,71,3.3,48,Low
2024-05-08 00:00:00,Operations,79,Alan Cummings,Coordinator,85,3.3,37,High
2024-07-08 00:00:00,Operations,79,Jill Dixon,Coordinator,75,4.5,31,Low
2024-08-24 00:00:00,Operations,79,Jessica Brooks,Coordinator,71,3.6,43,Low
2024-01-25 00:00:00,Operations,80,Alicia Gilbert,Manager,78,3.1,30,High
2024-02-15 00:00:00,Operations,80,Douglas Drake,Manager,72,4.5,45,Medium
2024-03-06 00:00:00,Operations,80,Ryan Yu,Coordinator,78,4.5,41,High
2024-05-13 00:00:00,Operations,80,John Farrell,Manager,75,4.7,43,Low
2024-06-01 00:00:00,Operations,80,Dwayne Perkins,Coordinator,77,3.2,44,High
2024-06-08 00:00:00,Operations,80,Carl Nixon,Coordinator,72,4.2,35,Medium
2024-07-12 00:00:00,Operations,80,Timothy Wilson,Coordinator,81,3.7,47,Medium
2024-09-04 00:00:00,Operations,80,Amanda Smith,Coordinator,85,3.8,47,Medium
2024-10-07 00:00:00,Operations,80,Jessica Oneill,Manager,84,4,49,High
2024-01-06 00:00:00,Operations,81,Joanna Cooper,Manager,95,4.2,35,Medium
2024-01-09 00:00:00,Operations,81,Steven Rice,Coordinator,86,4.9,35,High
2024-02-13 00:00:00,Operations,81,William Williams,Manager,95,3.2,38,Low
2024-02-28 00:00:00,Operations,81,Kenneth Fernandez,Manager,79,3.5,33,Low
2024-03-22 00:00:00,Operations,81,Colleen Warren,Manager,91,4.4,38,Low
2024-04-17 00:00:00,Operations,81,Kimberly Cook,Coordinator,98,4.7,37,High
2024-07-13 00:00:00,Operations,81,William Thompson,Coordinator,97,4.8,45,Medium
2024-08-11 00:00:00,Operations,81,Valerie Carter,Manager,99,3.1,48,Medium
2024-08-14 00:00:00,Operations,81,Jason Mccall,Coordinator,96,4.7,48,Medium
2024-10-15 00:00:00,Operations,81,Cynthia Adkins,Coordinator,91,4.3,40,Medium
2024-01-15 00:00:00,Operations,82,Lauren Miller,Manager,90,3.1,49,Medium
2024-03-07 00:00:00,Operations,82,Joshua Gray,Manager,79,4.7,37,Low
2024-04-26 00:00:00,Operations,82,Nicole Lee,Manager,87,3.5,44,Medium
2024-02-03 00:00:00,Operations,83,Charles King,Coordinator,74,4.9,46,Low
2024-03-09 00:00:00,Operations,83,Brandy Anderson,Manager,93,4.7,39,High
2024-03-18 00:00:00,Operations,83,Kyle Santos,Manager,77,4.2,41,Low
2024-03-22 00:00:00,Operations,83,Angela Mitchell,Manager,75,3.1,42,High
2024-03-30 00:00:00,Operations,83,Erin Casey,Manager,99,4.6,35,Medium
2024-05-24 00:00:00,Operations,83,Heather Snyder,Manager,95,3.8,41,Medium
2024-08-30 00:00:00,Operations,83,Amy Hernandez,Coordinator,89,4.6,37,Medium
2024-02-25 00:00:00,Operations,84,Erin Williams,Coordinator,74,3.4,45,Medium
2024-05-15 00:00:00,Operations,84,John Gray,Manager,77,3.2,39,Medium
2024-08-18 00:00:00,Operations,84,Nicole Jacobson,Coordinator,85,3.8,50,High
2024-09-27 00:00:00,Operations,84,Richard Miller,Manager,70,4,47,High
2024-10-11 00:00:00,Operations,84,Brian Patton,Coordinator,92,4.4,34,High
2024-10-16 00:00:00,Operations,84,Tanner Copeland,Coordinator,80,3.3,40,Low
2024-01-07 00:00:00,Operations,85,Kimberly Murray,Coordinator,99,4,36,High
2024-01-26 00:00:00,Operations,85,Jessica Cunningham,Manager,90,3.6,42,Low
2024-02-27 00:00:00,Operations,85,Kimberly Lee,Coordinator,74,3.8,41,High
2024-03-13 00:00:00,Operations,85,Dorothy Campbell,Coordinator,89,4.9,39,Low
2024-04-19 00:00:00,Operations,85,Kathryn Campos,Manager,73,3.6,50,Low
2024-05-10 00:00:00,Operations,85,Kevin Williams,Coordinator,70,4.9,35,High
2024-02-24 00:00:00,Operations,86,Andrew Lee,Manager,75,4.7,50,Medium
2024-02-26 00:00:00,Operations,86,Lindsay Mason,Manager,76,3.6,30,Medium
2024-04-30 00:00:00,Operations,86,Charles Dickson,Coordinator,88,4.9,44,Low
2024-05-29 00:00:00,Operations,86,Mrs. Pamela Hess,Manager,96,3.7,32,Low
2024-06-25 00:00:00,Operations,86,Karen Cooke,Coordinator,82,3.9,44,High
2024-08-06 00:00:00,Operations,86,Kenneth Carpenter,Manager,92,4.9,32,Medium
2024-09-19 00:00:00,Operations,86,Cheryl Caldwell,Manager,79,3.7,49,Low
2024-04-25 00:00:00,Operations,87,Alexis Holland,Coordinator,82,3.3,37,Low
2024-07-26 00:00:00,Operations,87,Jay Miller,Manager,97,4.5,32,Medium
2024-08-18 00:00:00,Operations,87,Shane Reid,Coordinator,100,4.3,35,Low
2024-08-22 00:00:00,Operations,87,Lonnie Hoffman,Coordinator,84,4.8,46,Medium
2024-01-29 00:00:00,Operations,88,Shawn Adams,Coordinator,86,4.8,34,Low
2024-02-11 00:00:00,Operations,88,Brandon Blanchard,Coordinator,82,3.9,38,Medium
2024-04-11 00:00:00,Operations,88,Daniel Cook,Coordinator,81,4.4,31,High
2024-04-15 00:00:00,Operations,88,Holly Silva,Coordinator,72,3.4,47,Low
2024-05-14 00:00:00,Operations,88,Emily Mccoy,Coordinator,71,3.1,48,Low
2024-06-05 00:00:00,Operations,88,Mr. Joshua Wise MD,Manager,98,4.2,48,Medium
2024-09-15 00:00:00,Operations,88,Jill Matthews,Manager,82,3.9,50,Medium
2024-09-27 00:00:00,Operations,88,Steven Fuentes,Manager,74,3.6,43,Low
2024-01-20 00:00:00,Operations,89,Brandon Bishop,Coordinator,98,3.5,43,Medium
2024-03-19 00:00:00,Operations,89,Luke Wood,Coordinator,73,4.6,31,Medium
2024-04-30 00:00:00,Operations,89,Patricia Gill,Coordinator,90,4.1,47,Medium
2024-06-23 00:00:00,Operations,89,Jennifer Braun,Coordinator,73,4.2,41,High
2024-08-22 00:00:00,Operations,89,Tammy Diaz,Coordinator,98,4.4,39,Low
2024-08-30 00:00:00,Operations,89,April Mendez,Manager,86,4,34,Medium
2024-05-04 00:00:00,Operations,90,Derek Pena,Manager,73,3.9,41,High
2024-05-07 00:00:00,Operations,90,Mary Richardson,Coordinator,100,3.1,43,Low
2024-06-07 00:00:00,Operations,90,Erin Schwartz,Coordinator,90,3.6,38,Medium
2024-06-10 00:00:00,Operations,90,Michael Castillo,Coordinator,77,3.6,34,High
2024-07-01 00:00:00,Operations,90,Terry Jones,Manager,85,3.5,43,High
2024-09-13 00:00:00,Operations,90,Sergio Fletcher,Coordinator,71,4.3,42,Medium
2024-01-15 00:00:00,Operations,91,Jeanette Nelson,Coordinator,75,4.4,48,Low
2024-02-03 00:00:00,Operations,91,Antonio Johnson,Manager,73,4.1,47,Medium
2024-02-13 00:00:00,Operations,91,Ronnie Shannon,Coordinator,88,3.5,50,Low
2024-03-14 00:00:00,Operations,91,Elizabeth Watson,Manager,72,4,44,High
2024-03-29 00:00:00,Operations,91,Katie Macdonald,Coordinator,94,3.2,47,Medium
2024-04-17 00:00:00,Operations,91,Karen Williams,Manager,99,4.8,47,High
2024-06-02 00:00:00,Operations,91,Christopher Watts,Coordinator,82,4.7,49,Medium
2024-06-11 00:00:00,Operations,91,Jasmine Fernandez,Coordinator,86,4.4,40,High
2024-07-12 00:00:00,Operations,91,Christine Mitchell,Coordinator,76,3.7,38,Medium
2024-08-13 00:00:00,Operations,91,Dawn Armstrong,Manager,89,4.4,45,Medium
2024-08-18 00:00:00,Operations,91,Jennifer Hunter,Coordinator,85,3,30,High
2024-09-14 00:00:00,Operations,91,Deborah Alexander,Coordinator,77,4.9,44,Low
2024-01-21 00:00:00,Operations,92,Brian Mendoza,Manager,100,3.2,47,Low
2024-02-05 00:00:00,Operations,92,Sarah Stewart,Coordinator,81,4.1,36,Medium
2024-02-08 00:00:00,Operations,92,Sandra Moreno,Manager,70,3.4,47,High
2024-03-22 00:00:00,Operations,92,Caitlin Wilson,Coordinator,79,3.1,41,High
2024-04-13 00:00:00,Operations,92,Janice Bruce,Manager,77,4.8,31,Low
2024-05-09 00:00:00,Operations,92,Yvette Mcconnell,Manager,74,3.4,44,Low
2024-05-12 00:00:00,Operations,92,Daniel Hood,Manager,86,3.7,45,High
2024-05-19 00:00:00,Operations,92,Melinda Williams,Manager,89,3.9,35,Medium
2024-07-20 00:00:00,Operations,92,Lisa Riddle,Coordinator,87,3.7,48,Low
2024-08-11 00:00:00,Operations,92,Paul Horn,Coordinator,82,3.5,50,High
2024-09-09 00:00:00,Operations,92,Catherine Flowers,Manager,83,4.1,38,High
2024-03-15 00:00:00,Operations,93,Linda Reed,Coordinator,74,3.5,45,High
2024-03-25 00:00:00,Operations,93,Stephen Humphrey,Coordinator,81,4.6,48,Medium
2024-04-29 00:00:00,Operations,93,Kellie Arnold,Manager,75,4.1,36,Medium
2024-04-30 00:00:00,Operations,93,David Garcia,Manager,87,4.9,44,High
2024-05-24 00:00:00,Operations,93,Kyle Watts,Coordinator,85,3.3,31,High
2024-06-24 00:00:00,Operations,93,Ryan Elliott,Manager,90,4.5,42,High
2024-07-22 00:00:00,Operations,93,Jack Martin,Coordinator,97,5,37,Medium
2024-08-02 00:00:00,Operations,93,Juan Sharp,Coordinator,74,3.3,48,High
2024-08-20 00:00:00,Operations,93,David Barr,Coordinator,71,4.5,38,Low
2024-08-26 00:00:00,Operations,93,Elizabeth Boyd,Manager,89,3.5,49,Low
2024-09-07 00:00:00,Operations,93,Christopher Martinez,Coordinator,88,4.3,42,Low
2024-09-07 00:00:00,Operations,93,Kaylee Fischer,Coordinator,74,3.2,44,High
2024-09-11 00:00:00,Operations,93,Jennifer Hughes,Manager,90,3,49,High
2024-10-09 00:00:00,Operations,93,Kristen White,Manager,89,3.1,39,High
2024-01-21 00:00:00,Operations,94,Teresa Miller,Coordinator,84,4.3,48,High
2024-01-30 00:00:00,Operations,94,Ashley Davis,Coordinator,97,4.3,35,Medium
2024-03-06 00:00:00,Operations,94,Daniel Miller,Coordinator,93,4,47,Low
2024-03-06 00:00:00,Operations,94,Patrick Alexander,Manager,86,3.6,42,High
2024-04-06 00:00:00,Operations,94,Sue Marshall,Coordinator,88,3.2,39,Low
2024-04-26 00:00:00,Operations,94,Diana Rodriguez,Manager,92,3.3,49,Low
2024-06-09 00:00:00,Operations,94,Andrew Jones,Manager,88,4,34,High
2024-08-12 00:00:00,Operations,94,Shawn Rivera,Manager,97,3.6,43,High
2024-10-07 00:00:00,Operations,94,Kaitlin Pierce,Manager,94,4.3,48,Medium
2024-01-30 00:00:00,Operations,95,Bonnie Walton,Coordinator,77,4.4,37,Medium
2024-03-08 00:00:00,Operations,95,Heather Swanson,Coordinator,79,3.1,49,High
2024-04-07 00:00:00,Operations,95,Gregory Taylor,Manager,90,4.1,46,Medium
2024-04-17 00:00:00,Operations,95,Johnny Hess,Manager,97,4.5,34,Low
2024-06-05 00:00:00,Operations,95,Brandon Vance,Manager,90,5,48,Medium
2024-07-16 00:00:00,Operations,95,Sara Sharp,Coordinator,75,3.9,49,High
2024-07-22 00:00:00,Operations,95,Crystal Gonzalez,Manager,100,3.1,44,Medium
2024-07-28 00:00:00,Operations,95,Carol George,Manager,92,4.8,40,Medium
2024-08-18 00:00:00,Operations,95,James Sullivan,Coordinator,91,4.3,48,Medium
2024-09-18 00:00:00,Operations,95,Sharon Clayton,Manager,93,4.1,39,Medium
2024-09-20 00:00:00,Operations,95,Derek Fox,Coordinator,72,3.4,40,Low
2024-09-21 00:00:00,Operations,95,Charlotte Carroll,Manager,79,4.2,34,Low
2024-10-07 00:00:00,Operations,95,Carol Johns,Coordinator,96,3,33,High
2024-10-16 00:00:00,Operations,95,Jonathan Whitaker,Coordinator,84,3.2,44,High
2024-01-23 00:00:00,Operations,96,Tina Sullivan,Manager,74,3.7,43,Medium
2024-02-20 00:00:00,Operations,96,Robert Jones,Manager,94,3.1,40,Low
2024-02-27 00:00:00,Operations,96,Victor Weaver,Manager,85,3.8,43,Medium
2024-03-04 00:00:00,Operations,96,Jason Decker,Coordinator,84,3,46,High
2024-04-03 00:00:00,Operations,96,Deborah Tran,Manager,74,4.4,40,High
2024-05-25 00:00:00,Operations,96,Cynthia Ramos,Coordinator,83,4,50,Low
2024-05-27 00:00:00,Operations,96,Stephanie Parker,Coordinator,96,4.4,49,Low
2024-07-23 00:00:00,Operations,96,Thomas Wood,Manager,77,3.1,34,High
2024-09-24 00:00:00,Operations,96,Daniel Johnson,Manager,88,4.6,37,Medium
2024-02-28 00:00:00,Operations,97,Kristin Berry,Manager,99,3.7,43,Low
2024-04-18 00:00:00,Operations,97,Lori Stokes,Manager,87,4.8,43,High
2024-04-28 00:00:00,Operations,97,Derrick Spencer,Manager,84,3.5,41,Medium
2024-05-03 00:00:00,Operations,97,Nathan Gutierrez,Manager,98,3,50,Medium
2024-06-17 00:00:00,Operations,97,Jasmine Sanchez,Manager,78,3.3,47,High
2024-07-10 00:00:00,Operations,97,Amber Richardson,Coordinator,95,3.2,42,High
2024-07-23 00:00:00,Operations,97,Andrew Smith,Coordinator,76,3.9,44,Medium
2024-07-29 00:00:00,Operations,97,Robert Ramirez,Manager,76,3.2,42,High
2024-08-13 00:00:00,Operations,97,Madison Dean,Manager,86,3.5,37,High
2024-03-16 00:00:00,Operations,98,John Mills,Coordinator,92,3.4,40,High
2024-04-17 00:00:00,Operations,98,Kevin Calderon,Coordinator,93,4.7,47,Low
2024-04-23 00:00:00,Operations,98,Ryan Hernandez,Manager,83,3.2,32,High
2024-05-25 00:00:00,Operations,98,Jamie Nelson,Manager,74,4.7,42,High
2024-05-26 00:00:00,Operations,98,Grant Edwards,Manager,91,3.7,35,Medium
2024-06-14 00:00:00,Operations,98,Robin Hughes,Manager,98,3.6,33,Medium
2024-10-02 00:00:00,Operations,98,Lauren Rose,Manager,91,4.9,35,Low
2024-01-01 00:00:00,Operations,99,Autumn Sanchez,Manager,89,3.6,32,Low
2024-02-24 00:00:00,Operations,99,Brandon Thornton,Coordinator,89,3.3,40,Medium
2024-02-27 00:00:00,Operations,99,Ann Johnson,Manager,90,3,47,High
2024-04-18 00:00:00,Operations,99,David Acevedo,Manager,97,4,34,High
2024-05-14 00:00:00,Operations,99,Stacy Hayden,Manager,71,4.5,47,Medium
2024-06-27 00:00:00,Operations,99,Jacqueline Thornton,Manager,74,3.7,50,Low
2024-04-09 00:00:00,Operations,100,Jeremy Walker,Manager,92,3.2,33,High
2024-04-27 00:00:00,Operations,100,Janet Adams,Manager,92,3.5,50,Medium
2024-05-06 00:00:00,Operations,100,Andrew Wilcox,Manager,88,3.5,47,Medium
2024-05-10 00:00:00,Operations,100,Tonya Weeks,Manager,80,4.6,50,High
2024-07-08 00:00:00,Operations,100,Shelby Stokes,Manager,92,4.2,30,High
2024-08-23 00:00:00,Operations,100,Marilyn Turner,Manager,85,4.6,37,Medium
2024-08-26 00:00:00,Operations,100,Lisa Wong,Manager,88,4.1,45,Low
2024-10-07 00:00:00,Operations,100,Megan Franklin,Coordinator,87,4.6,50,Medium
2024-10-10 00:00:00,Operations,100,Joshua Gray,Manager,85,4.6,37,Low
2024-10-20 00:00:00,Operations,100,Matthew May,Coordinator,91,3.6,39,Low
2024-02-28 00:00:00,Sales,75,Michael Garcia,Sales Executive,71,3.6,39,Low
2024-02-28 00:00:00,Sales,75,Thomas Norman,Sales Manager,91,4.4,47,High
2024-03-03 00:00:00,Sales,75,Jean Mendoza DVM,Sales Manager,80,4.6,41,Medium
2024-05-01 00:00:00,Sales,75,Jorge Tucker,Sales Manager,93,3.7,35,Medium
2024-05-16 00:00:00,Sales,75,Taylor Pratt,Sales Manager,78,3.4,48,High
2024-06-28 00:00:00,Sales,75,Patrick Carter,Sales Manager,72,3.7,33,Low
2024-07-03 00:00:00,Sales,75,Bryan Stokes,Sales Manager,70,4.3,37,Low
2024-08-10 00:00:00,Sales,75,Gabriel Mcdaniel,Sales Executive,76,4,33,Low
2024-08-21 00:00:00,Sales,75,Kyle Cruz,Sales Executive,84,4.4,34,Low
2024-08-26 00:00:00,Sales,75,Thomas Wright,Sales Manager,97,3.2,47,Low
2024-09-04 00:00:00,Sales,75,Elizabeth Herman,Sales Manager,78,3.8,37,Medium
2024-01-21 00:00:00,Sales,76,William Christensen,Sales Manager,95,4.8,50,Low
2024-05-16 00:00:00,Sales,76,Joel Rodriguez,Sales Executive,74,4,45,High
2024-01-22 00:00:00,Sales,77,Kelly Davis,Sales Manager,91,4.9,31,High
2024-03-03 00:00:00,Sales,77,Gina Torres,Sales Manager,85,3.2,30,Medium
2024-03-16 00:00:00,Sales,77,Jeffery Ruiz,Sales Manager,84,3.9,37,High
2024-03-31 00:00:00,Sales,77,Denise Rodriguez,Sales Executive,83,4.3,38,High
2024-06-22 00:00:00,Sales,77,Michelle Edwards,Sales Manager,82,4.7,46,High
2024-02-16 00:00:00,Sales,78,Kimberly Lambert,Sales Executive,86,3.3,33,Low
2024-03-27 00:00:00,Sales,78,Mary Garner,Sales Executive,78,3.1,45,High
2024-04-28 00:00:00,Sales,78,Matthew Roach MD,Sales Manager,81,3.7,48,Medium
2024-06-11 00:00:00,Sales,78,Eileen Perez,Sales Executive,78,3.4,30,High
2024-06-24 00:00:00,Sales,78,Kelly Robinson,Sales Executive,80,3.7,33,Medium
2024-07-31 00:00:00,Sales,78,Joseph Smith,Sales Executive,70,3.1,34,Low
2024-08-07 00:00:00,Sales,78,George Martinez,Sales Manager,74,3.2,38,Medium
2024-08-19 00:00:00,Sales,78,Matthew Oconnor,Sales Manager,96,4.8,32,High
2024-01-24 00:00:00,Sales,79,Jason Hoover,Sales Manager,91,4.5,41,Medium
2024-03-18 00:00:00,Sales,79,Bethany Morris,Sales Executive,97,4.8,37,Medium
2024-03-29 00:00:00,Sales,79,Andrew Young,Sales Executive,85,4.9,50,Medium
2024-05-11 00:00:00,Sales,79,Robin Flores,Sales Executive,93,4.9,47,High
2024-05-27 00:00:00,Sales,79,Claudia Zhang,Sales Executive,90,4.7,47,Low
2024-08-09 00:00:00,Sales,79,Timothy Kelly,Sales Executive,74,4.1,43,High
2024-10-10 00:00:00,Sales,79,Todd Hughes,Sales Executive,92,4.5,33,Low
2024-01-06 00:00:00,Sales,80,Terry Matthews,Sales Executive,95,4.6,37,Medium
2024-01-16 00:00:00,Sales,80,Robin Martin,Sales Manager,92,4.5,37,Medium
2024-01-22 00:00:00,Sales,80,Mr. Bruce Day,Sales Executive,71,3.5,44,Medium
2024-01-27 00:00:00,Sales,80,Glen Mcbride,Sales Executive,74,3.6,32,High
2024-03-30 00:00:00,Sales,80,Tammy Martinez,Sales Manager,96,3.7,37,High
2024-05-01 00:00:00,Sales,80,Danielle Wood,Sales Executive,84,3.9,33,Medium
2024-06-10 00:00:00,Sales,80,Christina Fleming,Sales Manager,85,4.4,40,Medium
2024-06-27 00:00:00,Sales,80,Charles Murray,Sales Manager,88,3.9,38,Medium
2024-09-13 00:00:00,Sales,80,Alyssa Williamson,Sales Manager,84,4.8,40,Medium
2024-09-23 00:00:00,Sales,80,Heather Serrano,Sales Manager,95,3.4,33,Medium
2024-09-23 00:00:00,Sales,80,Michael Quinn,Sales Manager,93,4.6,44,Low
2024-10-01 00:00:00,Sales,80,Henry Banks,Sales Executive,93,4,43,High
2024-01-08 00:00:00,Sales,81,Nicholas Hutchinson,Sales Manager,92,3.5,40,Medium
2024-01-15 00:00:00,Sales,81,James Keith,Sales Manager,91,4.8,36,Medium
2024-01-30 00:00:00,Sales,81,Brittney Cruz,Sales Manager,88,3.3,45,Medium
2024-02-02 00:00:00,Sales,81,Lori Garrett,Sales Executive,95,4.5,37,High
2024-02-27 00:00:00,Sales,81,Logan Warren,Sales Manager,97,4.3,30,High
2024-04-02 00:00:00,Sales,81,Cynthia Williams,Sales Executive,77,3.1,35,Low
2024-07-01 00:00:00,Sales,81,Joseph Harmon,Sales Executive,84,4.4,48,Medium
2024-07-27 00:00:00,Sales,81,Emma Moran,Sales Manager,80,3.5,34,High
2024-08-08 00:00:00,Sales,81,Alexander Fuller,Sales Executive,71,4.6,39,Low
2024-08-25 00:00:00,Sales,81,Olivia Woods,Sales Executive,84,4.2,49,Medium
2024-01-01 00:00:00,Sales,82,Lucas Moss,Sales Executive,78,3.9,45,Low
2024-02-22 00:00:00,Sales,82,Thomas Walker,Sales Manager,85,4.3,33,Low
2024-03-21 00:00:00,Sales,82,Brent Jones,Sales Executive,79,3.2,39,Low
2024-06-26 00:00:00,Sales,82,Amy Craig,Sales Executive,98,4.1,33,Medium
2024-08-06 00:00:00,Sales,82,Julie Murphy,Sales Manager,92,3.5,48,High
2024-09-08 00:00:00,Sales,82,Timothy Pruitt,Sales Manager,75,3.8,41,Low
2024-09-26 00:00:00,Sales,82,Crystal Wilson,Sales Executive,70,3.6,41,Low
2024-01-27 00:00:00,Sales,83,Shannon Crawford,Sales Manager,87,3.9,47,High
2024-02-28 00:00:00,Sales,83,Heather Burns,Sales Executive,82,3.3,32,Low
2024-04-10 00:00:00,Sales,83,Melissa Fuentes,Sales Executive,82,3.3,35,High
2024-06-12 00:00:00,Sales,83,Isaac Mason,Sales Manager,74,3.5,34,High
2024-08-25 00:00:00,Sales,83,Corey Brown,Sales Executive,95,4.6,37,High
2024-10-09 00:00:00,Sales,83,Mark Smith,Sales Manager,96,3.8,44,Medium
2024-01-26 00:00:00,Sales,84,Valerie Woods,Sales Manager,71,4.6,32,Low
2024-05-03 00:00:00,Sales,84,Grace Jones,Sales Executive,84,3.1,42,Low
2024-05-28 00:00:00,Sales,84,Sherry Hayes,Sales Executive,89,4.8,43,High
2024-06-06 00:00:00,Sales,84,Megan Barton,Sales Executive,72,3.8,45,High
2024-07-25 00:00:00,Sales,84,Michael Coleman,Sales Manager,80,4.1,40,Low
2024-09-17 00:00:00,Sales,84,Joseph Reyes,Sales Executive,91,4.3,44,Medium
2024-09-23 00:00:00,Sales,84,Melissa Anderson,Sales Manager,97,3.3,46,High
2024-10-11 00:00:00,Sales,84,Scott Santos,Sales Manager,85,4.6,43,Medium
2024-01-15 00:00:00,Sales,85,Mary Sexton,Sales Executive,79,4.3,39,Low
2024-02-29 00:00:00,Sales,85,Derrick Baker,Sales Manager,75,4.4,50,High
2024-03-17 00:00:00,Sales,85,Brenda Reid,Sales Manager,76,4.5,30,Low
2024-04-30 00:00:00,Sales,85,Robin Reynolds,Sales Executive,92,3.5,42,High
2024-10-07 00:00:00,Sales,85,Justin Townsend,Sales Manager,92,4.5,47,High
2024-10-17 00:00:00,Sales,85,Cheryl Soto,Sales Manager,83,4.6,44,High
2024-01-26 00:00:00,Sales,86,Megan Smith,Sales Executive,91,4.4,43,Medium
2024-02-26 00:00:00,Sales,86,Justin Manning,Sales Executive,99,3.6,41,Medium
2024-05-14 00:00:00,Sales,86,Samantha Myers,Sales Executive,97,4.1,33,Low
2024-06-13 00:00:00,Sales,86,Thomas Singh,Sales Executive,100,4.5,47,Medium
2024-07-08 00:00:00,Sales,86,Joseph Young,Sales Manager,81,4.1,38,Medium
2024-09-04 00:00:00,Sales,86,Michelle Suarez,Sales Manager,100,4.3,31,Medium
2024-10-02 00:00:00,Sales,86,Jorge Boyd,Sales Manager,77,4.8,32,High
2024-01-15 00:00:00,Sales,87,Martin Rodriguez,Sales Manager,91,3.2,32,Low
2024-02-10 00:00:00,Sales,87,Howard Gutierrez,Sales Executive,86,3.9,32,Low
2024-03-22 00:00:00,Sales,87,Nancy Benson,Sales Manager,70,4.9,33,Low
2024-04-01 00:00:00,Sales,87,Hannah Montgomery,Sales Manager,91,3.2,30,Low
2024-04-14 00:00:00,Sales,87,Carlos Jones,Sales Executive,78,4.6,40,Medium
2024-06-26 00:00:00,Sales,87,Melinda Abbott,Sales Executive,88,3.7,37,Medium
2024-08-21 00:00:00,Sales,87,Zachary Fisher,Sales Manager,91,3.9,30,Medium
2024-08-29 00:00:00,Sales,87,Mary Campbell,Sales Manager,100,3.6,35,High
2024-09-04 00:00:00,Sales,87,Ryan Rios,Sales Executive,87,4.4,34,High
2024-09-20 00:00:00,Sales,87,Rebecca Gibson,Sales Executive,91,3.5,32,High
2024-01-08 00:00:00,Sales,88,Barbara Stewart,Sales Executive,100,3.8,47,High
2024-02-16 00:00:00,Sales,88,Rebecca Mccormick,Sales Manager,88,4.5,47,Low
2024-03-30 00:00:00,Sales,88,Kristin Williams,Sales Manager,82,3.8,38,Low
2024-01-02 00:00:00,Sales,89,Drew Church,Sales Executive,81,3.6,36,Low
2024-02-13 00:00:00,Sales,89,Spencer Morales,Sales Executive,80,4.4,46,Low
2024-02-28 00:00:00,Sales,89,Charles Watts,Sales Executive,80,3.2,45,Medium
2024-02-28 00:00:00,Sales,89,Victoria Moore,Sales Executive,78,4.5,45,High
2024-03-03 00:00:00,Sales,89,Paul Leach,Sales Manager,97,4.8,42,Medium
2024-03-09 00:00:00,Sales,89,Hannah Jackson,Sales Executive,79,3.7,32,Medium
2024-05-15 00:00:00,Sales,89,Michael Winters,Sales Executive,76,4.8,36,Medium
2024-05-30 00:00:00,Sales,89,Brittany Taylor,Sales Executive,83,3.1,47,High
2024-06-10 00:00:00,Sales,89,Henry Moran,Sales Manager,71,3.5,35,Medium
2024-07-08 00:00:00,Sales,89,Tina Murillo,Sales Manager,100,4,41,High
2024-08-24 00:00:00,Sales,89,Angela Jackson,Sales Executive,81,3.3,37,Low
2024-10-15 00:00:00,Sales,89,Ronald Ritter,Sales Manager,94,3.2,41,Low
2024-10-19 00:00:00,Sales,89,Brandon Schaefer,Sales Executive,77,4.7,38,Low
2024-01-15 00:00:00,Sales,90,Aimee Butler,Sales Manager,88,4.1,35,Medium
2024-02-07 00:00:00,Sales,90,Tara Howard,Sales Manager,71,3.2,35,Low
2024-03-12 00:00:00,Sales,90,Bruce Bridges,Sales Executive,74,3.2,39,Medium
2024-06-23 00:00:00,Sales,90,Nicole Simmons,Sales Executive,82,3.5,42,High
2024-07-03 00:00:00,Sales,90,Sandra Thornton,Sales Executive,99,3.3,30,Low
2024-07-06 00:00:00,Sales,90,Melissa Ramirez,Sales Manager,92,4.8,33,Low
2024-07-31 00:00:00,Sales,90,Peggy Carpenter,Sales Manager,70,4.5,32,Low
2024-09-05 00:00:00,Sales,90,Rodney Woods,Sales Executive,84,4.6,32,High
2024-09-24 00:00:00,Sales,90,Jennifer Hughes,Sales Executive,98,3.8,43,High
2024-01-09 00:00:00,Sales,91,Janet Gonzalez,Sales Executive,71,3.6,39,High
2024-02-08 00:00:00,Sales,91,Rachel Willis,Sales Manager,95,3.3,31,Medium
2024-05-20 00:00:00,Sales,91,Sara Garcia,Sales Executive,94,3.4,38,Low
2024-06-22 00:00:00,Sales,91,Justin Ashley,Sales Executive,87,4.4,50,Medium
2024-02-11 00:00:00,Sales,92,Tara Munoz,Sales Executive,96,4.4,36,High
2024-02-19 00:00:00,Sales,92,Courtney Cowan,Sales Executive,100,3.8,41,Low
2024-03-21 00:00:00,Sales,92,Maria Reyes,Sales Manager,93,4.7,32,Low
2024-03-27 00:00:00,Sales,92,Paul Hernandez,Sales Manager,85,3.9,46,High
2024-04-17 00:00:00,Sales,92,Joseph Hayes,Sales Manager,81,3.9,38,High
2024-05-10 00:00:00,Sales,92,Lori Lester,Sales Executive,87,3.8,30,Low
2024-06-17 00:00:00,Sales,92,James Blanchard,Sales Executive,87,4.2,50,Medium
2024-08-07 00:00:00,Sales,92,Pamela Cox,Sales Manager,75,3.1,49,Low
2024-08-10 00:00:00,Sales,92,Pamela Walker,Sales Manager,100,3.7,40,Low
2024-09-22 00:00:00,Sales,92,Steven Murphy,Sales Executive,76,4.5,31,Low
2024-01-17 00:00:00,Sales,93,Gabriel Pham,Sales Executive,71,3.9,48,Low
2024-01-23 00:00:00,Sales,93,Christina Johnson,Sales Executive,91,4,36,Medium
2024-04-05 00:00:00,Sales,93,Kelly Craig,Sales Executive,76,3.5,42,High
2024-04-17 00:00:00,Sales,93,Gregory Hill,Sales Executive,78,4.6,44,Low
2024-05-22 00:00:00,Sales,93,Marco King,Sales Executive,70,4.6,32,Low
2024-06-15 00:00:00,Sales,93,Jordan Lloyd,Sales Manager,72,3.3,43,Medium
2024-07-26 00:00:00,Sales,93,David Bryan,Sales Manager,86,3.2,49,Medium
2024-09-29 00:00:00,Sales,93,Emily Robertson,Sales Manager,90,3.5,34,Medium
2024-01-01 00:00:00,Sales,94,Kevin Lewis,Sales Executive,71,3,47,Low
2024-01-07 00:00:00,Sales,94,Frank Cook,Sales Manager,77,4.4,35,Low
2024-01-25 00:00:00,Sales,94,Pamela Horn,Sales Executive,76,3.4,38,Medium
2024-03-01 00:00:00,Sales,94,Sandra Mays,Sales Manager,88,3.6,35,High
2024-05-29 00:00:00,Sales,94,Anne Banks,Sales Manager,78,4.1,31,High
2024-06-19 00:00:00,Sales,94,Michael Leblanc,Sales Executive,83,4.9,45,Medium
2024-07-08 00:00:00,Sales,94,Eric Gutierrez,Sales Executive,82,3.4,48,Low
2024-07-09 00:00:00,Sales,94,Ronald Palmer,Sales Executive,79,3.9,42,Low
2024-09-30 00:00:00,Sales,94,Bianca Lopez,Sales Executive,70,3.5,49,High
2024-01-24 00:00:00,Sales,95,Eric Allen,Sales Manager,92,4.1,38,High
2024-03-28 00:00:00,Sales,95,Rachel Chaney,Sales Executive,87,4.7,31,Low
2024-03-29 00:00:00,Sales,95,Lori Henderson,Sales Executive,75,4.2,43,Medium
2024-05-04 00:00:00,Sales,95,Sara Hudson,Sales Manager,70,4.4,31,Low
2024-05-19 00:00:00,Sales,95,Crystal Bell,Sales Manager,91,3.1,45,Low
2024-07-02 00:00:00,Sales,95,Katherine Patel,Sales Manager,95,4.8,32,Low
2024-08-22 00:00:00,Sales,95,Christina Nguyen,Sales Executive,87,3.6,45,Medium
2024-09-12 00:00:00,Sales,95,Trevor Diaz,Sales Manager,99,4.9,33,Medium
2024-09-13 00:00:00,Sales,95,Michael Love,Sales Manager,81,3.6,47,Medium
2024-09-25 00:00:00,Sales,95,Steven Brown,Sales Manager,87,3.8,32,Medium
2024-10-07 00:00:00,Sales,95,Mandy Mcbride,Sales Executive,92,4,45,Low
2024-03-25 00:00:00,Sales,96,Craig Mcneil,Sales Manager,75,4.5,47,Low
2024-05-03 00:00:00,Sales,96,Rachael Harrington,Sales Manager,89,3.2,49,Low
2024-05-16 00:00:00,Sales,96,Leon White,Sales Manager,77,3.9,33,High
2024-06-21 00:00:00,Sales,96,Nicholas Elliott,Sales Executive,74,3.3,39,Low
2024-08-06 00:00:00,Sales,96,Adam Pineda,Sales Executive,76,3.9,46,High
2024-09-16 00:00:00,Sales,96,Frank Ward,Sales Executive,71,3.4,31,Low
2024-10-18 00:00:00,Sales,96,Shannon Cox,Sales Executive,86,5,44,High
2024-02-08 00:00:00,Sales,97,John Hernandez,Sales Manager,86,4.5,50,Medium
2024-06-24 00:00:00,Sales,97,Melvin Miller,Sales Manager,89,4,38,Medium
2024-09-04 00:00:00,Sales,97,Robert Hensley,Sales Manager,79,4.1,42,Low
2024-09-10 00:00:00,Sales,97,Kyle Baxter,Sales Manager,95,3.1,44,Low
2024-10-05 00:00:00,Sales,97,Shannon Morrow,Sales Executive,76,3.5,41,Medium
2024-10-14 00:00:00,Sales,97,Adam Rose,Sales Executive,98,4.6,41,High
2024-01-30 00:00:00,Sales,98,Kristin Williams,Sales Manager,75,4.7,42,Low
2024-02-22 00:00:00,Sales,98,Michael Bailey,Sales Manager,79,3,47,High
2024-08-06 00:00:00,Sales,98,William Hall,Sales Executive,90,4.7,37,Low
2024-08-20 00:00:00,Sales,98,Tiffany Lewis,Sales Manager,71,4.9,43,High
2024-09-09 00:00:00,Sales,98,Brittany Tucker,Sales Manager,94,4.9,39,Medium
2024-09-11 00:00:00,Sales,98,Stephen Adams,Sales Manager,99,4.6,44,High
2024-09-27 00:00:00,Sales,98,Johnny Stephens,Sales Executive,77,4.7,37,Low
2024-09-30 00:00:00,Sales,98,Regina Moore,Sales Manager,73,3.6,43,Medium
2024-01-09 00:00:00,Sales,99,Raymond Fisher,Sales Manager,93,3.3,42,High
2024-01-31 00:00:00,Sales,99,Cassandra Davis,Sales Manager,83,4.6,30,High
2024-02-27 00:00:00,Sales,99,Samantha Gross,Sales Executive,80,3.7,31,Medium
2024-03-13 00:00:00,Sales,99,John Trevino,Sales Executive,93,4.4,47,High
2024-04-22 00:00:00,Sales,99,Melanie Cooper,Sales Executive,81,4.2,39,Low
2024-05-19 00:00:00,Sales,99,Joshua Martin,Sales Manager,86,3.2,36,Medium
2024-08-04 00:00:00,Sales,99,Traci Woods,Sales Manager,89,4.2,47,High
2024-09-10 00:00:00,Sales,99,Eric Cohen,Sales Manager,79,4,41,Low
2024-09-26 00:00:00,Sales,99,Eric Savage,Sales Manager,80,4.9,37,Medium
2024-10-08 00:00:00,Sales,99,Kimberly Clark,Sales Manager,99,4.8,46,High
2024-01-14 00:00:00,Sales,100,Kristin Patterson,Sales Manager,70,4,43,Low
2024-01-21 00:00:00,Sales,100,Barbara Evans,Sales Manager,82,3,32,High
2024-02-06 00:00:00,Sales,100,Willie Reynolds,Sales Manager,93,4.4,46,Low
2024-03-22 00:00:00,Sales,100,Robin Walton,Sales Executive,90,3.1,44,High
2024-06-11 00:00:00,Sales,100,Peter Chandler,Sales Executive,87,4.4,46,High
2024-06-13 00:00:00,Sales,100,Lisa Bell,Sales Manager,80,4.1,50,Low
2024-07-12 00:00:00,Sales,100,Carlos Wilson,Sales Manager,100,3.1,50,High
2024-09-01 00:00:00,Sales,100,Wanda Peters,Sales Executive,78,3.7,41,High
2024-10-10 00:00:00,Sales,100,Karen Parker,Sales Executive,97,4.2,45,High
